x, y, ul, ur, rho, alpha
0.0, 0.0, 50.0, 50.0, 0.5, 0.0
3.1154127148098785e-05, 0.0, 44.99688458728519, 54.99688458728519, 0.4999688458728519, 0.0005563236990731926
0.001318857854820916, -6.990483939504296e-07, 44.8681142145669, 54.8681142145669, 0.498681142145669, 0.012425964406957443
0.00482352343281418, -2.9331391877199064e-05, 44.51764774358969, 54.51764774358969, 0.4951764774358969, 0.02592828622587572
0.009687710498921004, -0.0001249550663303862, 44.0312305423348, 54.0312305423348, 0.49031230542334797, 0.029369121497682775
0.015277739860515106, -0.00027925455300726004, 43.47223405804975, 53.47223405804975, 0.4847223405804975, 0.030153989103472886
0.021620062274698863, -0.00046552178315125196, 42.8380164229866, 52.8380164229866, 0.478380164229866, 0.027398496858215087
0.028543947492993486, -0.0006591577622200952, 42.14565133015396, 52.14565133015396, 0.4714565133015396, 0.021703946038595
0.03565549817154451, -0.00082535362380062, 41.434523534426496, 51.434523534426496, 0.464345235344265, 0.015592829655887649
0.04274718376189676, -0.0009464211393183299, 40.72537956875257, 50.72537956875257, 0.4572537956875257, 0.011620018927273823
0.04982386404776916, -0.0010290892511193993, 40.017731218439714, 50.017731218439714, 0.45017731218439716, 0.008776409417462666
0.056869653827022366, -0.0010856556533069747, 39.31316760823813, 49.31316760823813, 0.44313167608238135, 0.005324303305325202
0.0638948211344837, -0.001118522310390995, 38.61066132558446, 48.61066132558446, 0.4361066132558446, 0.0014521463992827372
0.07086813658128319, -0.0011247992899710109, 47.91333375242046, 37.91333375242046, 0.4291333375242046, -0.0022930945698684635
0.07772719364267609, -0.0011042188331443189, 47.227425008887465, 37.227425008887465, 0.42227425008887465, -0.005359037131029036
0.0845290289825106, -0.0010604025237567762, 46.54723242428163, 36.54723242428163, 0.4154723242428163, -0.0024546285469126132
0.0913516319134553, -0.0010161664044809244, 35.86496315108552, 45.86496315108552, 0.4086496315108552, 0.008791649097707289
0.09811716054252868, -0.0010200582840225775, 35.18841340104166, 45.18841340104166, 0.40188413401041656, 0.021360477862194978
0.1046433190969954, -0.0011011124443452507, 34.53582142605049, 44.53582142605049, 0.3953582142605049, 0.02540893474235314
0.11097662166383665, -0.001232297657442957, 33.90253300873842, 43.90253300873842, 0.3890253300873842, 0.019115605374760286
0.11724259150947475, -0.0013532441112088676, 33.275980068968494, 43.275980068968494, 0.38275980068968496, 0.008635133007025238
0.12340028764423365, -0.0014184994534553732, 42.66023838043851, 32.66023838043851, 0.3766023838043851, -0.001333054437265968
0.12935064855534778, -0.0014191349492736216, 42.06520682126913, 32.06520682126913, 0.3706520682126913, -0.007761315434812204
0.13515546878871487, -0.0013707608424562714, 41.48471062514675, 31.484710625146747, 0.3648471062514675, -0.00505136677909033
0.14094982958867805, -0.0013116749994109929, 30.90525662959442, 40.90525662959442, 0.3590525662959442, 0.00671294436615898
0.14666648614523137, -0.001294719540655676, 30.33358859663803, 40.33358859663803, 0.3533358859663803, 0.01887046342248472
0.1521596743051273, -0.0013440701985847408, 29.78429224581317, 39.78429224581317, 0.3478429224581317, 0.0224081477124819
0.1575174137573317, -0.0014344914505891653, 29.248559041978474, 39.248559041978474, 0.3424855904197847, 0.015500399883726335
0.16289605963603007, -0.0015147148320835322, 28.710734339366972, 38.71073433936697, 0.3371073433936697, 0.004864169125922633
0.16825958893188733, -0.001546244538673339, 38.17440145772245, 28.174401457722453, 0.3317440145772245, -0.0060018971680930394
0.17344141540479033, -0.001520380737011124, 37.65621238453906, 27.65621238453906, 0.3265621238453906, -0.01472287532104339
0.17839951260713385, -0.0014462402983555175, 37.16037392542718, 27.16037392542718, 0.3216037392542718, -0.01367626211273087
0.1832690816754944, -0.0013547926300099666, 36.67338158229319, 26.673381582293192, 0.3167338158229319, -0.002769368315259588
0.1881390483617612, -0.0012934368530584323, 26.18636338780153, 36.186363387801535, 0.3118636338780153, 0.010637898712416938
0.1929003279830934, -0.001291304117892548, 25.710238686668728, 35.71023868666873, 0.3071023868666873, 0.022099891382532724
0.19748476566819448, -0.0013468781258781986, 25.251823264641946, 35.25182326464194, 0.30251823264641947, 0.025036212897346418
0.20202203926584372, -0.0014341978648785554, 24.7981412183381, 34.7981412183381, 0.297981412183381, 0.017979390855366123
0.20658543863929787, -0.0015111554539007606, 24.34184527416418, 34.34184527416418, 0.2934184527416418, 0.00672644509267899
0.21110258583806113, -0.0015448143410301631, 33.890154440709225, 23.890154440709225, 0.28890154440709226, -0.005686527873334259
0.21537057427657524, -0.001525810500470691, 33.463351539361966, 23.463351539361962, 0.28463351539361964, -0.016057822413376638
0.2193577317309018, -0.0014615941265093124, 33.06460742583355, 23.06460742583355, 0.2806460742583355, -0.015839594276076816
0.22330303178730884, -0.001377820526426591, 32.67003986399334, 22.67003986399334, 0.2767003986399334, -0.005312500773540558
0.22734732483764858, -0.0013146934801292086, 22.26558447789693, 32.26558447789693, 0.2726558447789693, 0.00815976648228353
0.23142320348027579, -0.0013004153417781178, 21.8579944725697, 31.8579944725697, 0.268579944725697, 0.020697062829368607
0.2353691407867235, -0.00133756905820098, 21.46342395438323, 31.46342395438323, 0.2646342395438323, 0.02461847824773166
0.23914857733441436, -0.001404412205913374, 21.085520328393706, 31.085520328393706, 0.2608552032839371, 0.017344862067061397
0.24289177376981805, -0.0014633600205694536, 20.711239063448538, 30.711239063448538, 0.2571123906344854, 0.004764343423774333
0.24659378730972117, -0.0014841518425955794, 30.341055885010537, 20.341055885010537, 0.2534105588501054, -0.00795862960727489
0.2500621222720595, -0.0014597229418998824, 29.994214033294597, 20, 0.24994214033294596, -0.015949068253828455
0.2533691006106805, -0.0014007825930665448, 29.663487735001645, 20, 0.24663487735001646, -0.013420836156465018
0.25674342408295575, -0.0013318551101821668, 29.3260221912501, 20, 0.243260221912501, -0.0015717173227031839
0.2601959841025624, -0.0012868716056740428, 20, 28.98074687724884, 0.2398074687724884, 0.012320341911564621
0.263550162892855, -0.0012858437458128907, 20, 28.64533333707395, 0.23645333337073948, 0.023147709043129957
0.2667743235989026, -0.001325577676405358, 20, 28.3229443443416, 0.233229443443416, 0.02571126152087936
0.2700656865746439, -0.0013877728753675497, 20, 27.993850135186907, 0.22993850135186908, 0.020128979242258628
0.27347655439682433, -0.0014458312768062154, 20, 27.652805971008508, 0.22652805971008508, 0.011482247591249587
0.27692927602401785, -0.0014789899772253206, 20, 27.30756268768992, 0.2230756268768992, 0.0027357762739240107
0.2802315791171423, -0.0014816340138716672, 26.97734152637574, 20, 0.21977341526375738, -0.003643014492539731
0.2832794000212136, -0.0014602276305447693, 26.67255193093286, 20, 0.2167255193093286, -0.005964991482715951
0.28630633780276304, -0.0014251816535407746, 26.3698414608093, 20, 0.213698414608093, -0.0022320037443640285
0.28950982966531036, -0.0013907441337626563, 20, 26.04947647253305, 0.21049476472533052, 0.007070675966693858
0.2927965246973703, -0.0013768538690078417, 20, 25.72080498051755, 0.2072080498051755, 0.016473223726958582
0.2960209001925684, -0.0013931791915772031, 20, 25.39838574655112, 0.2039838574655112, 0.019903510237004277
0.29914129742945406, -0.001428836578673901, 20, 25.08637846210501, 0.2008637846210501, 0.01638558204920107
0.30223055029228535, -0.0014633241149988535, 20, 24.777486330461162, 0.1977748633046116, 0.01064422791431519
0.30533550338771975, -0.0014827571573885106, 20, 24.467014360219764, 0.19467014360219764, 0.006040590332098498
0.3083574437205155, -0.001485479201724164, 20, 24.16483133914675, 0.1916483133914675, 0.0037641595877672468
0.3112807259371542, -0.0014773665010332966, 20, 23.872505666865187, 0.18872505666865189, 0.003933955839818341
0.3142091911521886, -0.001465827417426666, 20, 23.579659120215762, 0.18579659120215763, 0.005293324986361364
0.31714804769697585, -0.0014562834031011873, 20, 23.28577513324977, 0.1828577513324977, 0.006851460151135622
0.32001941394352523, -0.0014509163333848519, 20, 22.99864342539143, 0.17998643425391428, 0.008154061762609677
0.3228388615733561, -0.0014494816475359214, 20, 22.71670679490718, 0.17716706794907178, 0.008923295705330327
0.3256427326277878, -0.0014506448024045094, 20, 22.436330191828738, 0.17436330191828736, 0.009988735186432575
0.3283946782483754, -0.0014539474680807796, 20, 22.161148101662235, 0.17161148101662235, 0.011439481585830292
0.33108950247821006, -0.0014601772729834763, 20, 21.891680878683193, 0.16891680878683193, 0.012631451613010877
0.33376874085048375, -0.0014694983801407488, 20, 21.623775426756364, 0.16623775426756363, 0.01393948815967674
0.3364479677447655, -0.001481665245477611, 20, 21.35587435349053, 0.16355874353490532, 0.015642205676402877
0.33910640721882906, -0.001497186724223619, 20, 21.090055862588066, 0.16090055862588065, 0.01737187158755129
0.34174405188569634, -0.0015164999256900935, 20, 20.826321393672565, 0.15826321393672563, 0.019132507948064446
0.3443764727448799, -0.0015396919471373479, 20, 20.56311436911558, 0.1556311436911558, 0.020834406453196223
0.34700366567503316, -0.0015666029088579321, 20, 20.300435471433836, 0.15300435471433835, 0.0226636847983666
0.34962043304701457, -0.0015971754635809988, 20, 20.038804848267993, 0.15038804848267995, 0.024899536257495997
0.3522059943937146, -0.001631670443517887, 20, 20, 0.14780301228860993, 0.02680222288948298
0.3547551522209397, -0.0016699597081747115, 20, 20, 0.14525444768333026, 0.028279473676846956
0.3573302185040807, -0.0017118819808492477, 20, 20, 0.1426800514858672, 0.029893413985183602
0.3599415797966146, -0.001757167162198679, 20, 20, 0.1400694424430396, 0.03201663002868534
0.36254768619873684, -0.0018058550605862427, 20, 20, 0.13746417599440505, 0.03390671000420014
0.36514333742759114, -0.001858087582132547, 20, 20, 0.13486946255409862, 0.03547399336337588
0.3677389292011659, -0.0019132081210242538, 20, 20, 0.13227490772693268, 0.03745909520739319
0.37032926678877104, -0.0019710972114701064, 20, 20, 0.12968571346048408, 0.03958513864225287
0.37290914233876493, -0.0020322225906989847, 20, 20, 0.12710710456039215, 0.041765281722897396
0.37545778642072747, -0.0020961402935450713, 20, 20, 0.12455985214889811, 0.043810871933962714
0.3779907732553056, -0.002162979755867433, 20, 20, 0.12202839789271405, 0.04544960899901029
0.38051850401986975, -0.002232131186964413, 20, 20, 0.11950234429200834, 0.047052150585278826
0.3830202344982616, -0.002302314724309979, 20, 20, 0.1170024195900729, 0.04842215789815307
0.3855115483783055, -0.0023734808889740297, 20, 20, 0.11451305151057417, 0.04965704481904305
0.38800803258037736, -0.002445490228082641, 20, 20, 0.11201866446701401, 0.05122526600336658
0.3905304438342013, -0.0025190710117219605, 20, 20, 0.10949853627286096, 0.053141752386515535
0.3930683805423277, -0.0025946288151455508, 20, 20, 0.1069630933477937, 0.055228299710158094
0.3955803074176955, -0.0026713870222990284, 20, 20, 0.10445385827055831, 0.05728804429287478
0.3980766033183857, -0.0027496474077541833, 20, 20, 0.10196047936325466, 0.059330541388238414
0.40057803398495634, -0.0028298080948621716, 20, 20, 0.0994622297163614, 0.06155618226383371
0.4030845977724376, -0.002911880109671731, 20, 20, 0.09695913693254136, 0.06397229603847134
0.40560147491970955, -0.002996275838719652, 20, 20, 0.0944460650648608, 0.06650028441292775
0.40810790248017353, -0.003082406499374039, 20, 20, 0.0919437807381265, 0.06913590463444265
0.4106038787084385, -0.0031702720316534043, 20, 20, 0.08945231761519797, 0.07151665885029396
0.41311017560823177, -0.0032601286597759597, 20, 20, 0.08695096331674891, 0.073849148257813
0.4156268169725648, -0.0033512902648789433, 20, 20, 0.0844397131723015, 0.07576730242533915
0.4181382693594356, -0.0034422646310817108, 20, 20, 0.08193407184595868, 0.07772242149997419
0.4206341840996193, -0.0035318646588236645, 20, 20, 0.0794443629309303, 0.08044733992739189
0.4231456700028085, -0.003621909008523842, 20, 20, 0.076939627398261, 0.08399489789164394
0.42567266785023755, -0.003714029163011563, 20, 20, 0.07442006662940319, 0.08822064073588828
0.4281736139270506, -0.0038080901387494127, 20, 20, 0.07192726386291376, 0.09237465275194477
0.4306381212488249, -0.0039038756232088723, 20, 20, 0.0694716522674839, 0.09646415658215746
0.43309734556112295, -0.004001866695686141, 20, 20, 0.06702223592225073, 0.10072758653490829
0.43559799621511114, -0.004103489627778882, 20, 20, 0.06453260198251833, 0.1057259433673938
0.43812449132722453, -0.004208494806483004, -20, 20, 0.06201846500882545, 0.11139689539038204
0.4404692919194255, -0.004308768552243126, -20, 20, 0.05968643640737294, 0.11425536764739107
0.442150062228249, -0.0043810179002311414, -20, 20, 0.05801558943971534, 0.10479344279826378
0.4428919802747991, -0.00441033673747752, 20, 20, 0.05727806724281014, 0.07818763646106726
0.4433384605712923, -0.004414917500702935, 20, 20, 0.056833278516807494, 0.0503149465226508
0.4443403208245756, -0.004396016721821709, 20, 20, 0.055833008596436126, 0.0390395183549735
0.44590746200753756, -0.004342298271768584, 20, 20, 0.05426654789782557, 0.04310806834586231
0.44777533802642505, -0.004270750017902817, 20, 20, 0.05239899449387919, 0.05424235448246053
0.4499082866166783, -0.004202726916866399, 20, 20, 0.050267709945994186, 0.06757121440040104
0.45222869093671164, -0.004152586920697794, 0, 20, 0.047951454073408104, 0.08160878824041723
0.4545443116604082, -0.004127658420518589, -20, 20, 0.045642712084872646, 0.09380306234271756
0.4570314276631225, -0.00412632726074016, 20, 75, 0.5059541995537465, 1.478350444127
0.45704700429816164, -0.004126211716604693, 20, 75, 0.5059527618063736, 1.4781029383969027
0.4583450545222844, -0.004116226303046352, 20, 75, 0.5058342654514181, 1.4723133028468753
0.4617145860983747, -0.004072875760552568, 20, 75, 0.5055247145245545, 1.4517819245956918
0.46644727338846814, -0.003925012056402536, 20, 75, 0.5050407936386065, 1.4184523912467295
0.4720519889548953, -0.00355593782356471, 20, 75, 0.5043309169967146, 1.3807215714428553
0.47817033178167834, -0.002873326323816479, 20, 75, 0.5033469149031328, 1.341972455457233
0.4845651005561142, -0.0018384350516193505, 20, 75, 0.5020757423097647, 1.30379717832444
0.4910415067393217, -0.0004512253059786148, 20, 75, 0.5005314011246018, 1.2667615840122979
0.49762481419966575, 0.0013123826968904297, 20, 75, 0.4986932736252202, 1.2284377250637253
0.5043428215724611, 0.0034807004718757075, 20, 75, 0.4965382914772127, 1.1863145003909392
0.5110468798177975, 0.006046407610182934, 20, 75, 0.49407710429498186, 1.140865637868054
0.517621170519665, 0.009004261274287977, 20, 75, 0.49131183691957875, 1.0930900781700652
0.5240463119818896, 0.01237470505405236, 20, 75, 0.48821783395432494, 1.0432545507587183
0.5302809078205853, 0.016155897924798573, 20, 75, 0.48479072649071653, 0.9914867195812537
0.5362475862781432, 0.02031961673686277, 20, 75, 0.48104797847871855, 0.9378335957258966
0.541927070339957, 0.024866980959286657, 20, 75, 0.47697931297912133, 0.8818123867865167
0.5472719282422466, 0.029772315007521664, 20, 75, 0.4725978321291006, 0.824264905909474
0.5522254805946255, 0.03499392089420499, 20, 75, 0.4679296468794048, 0.7664666239926865
0.5567931267380127, 0.04053613215316347, 20, 75, 0.46296058698495623, 0.7076961393754132
0.5609930374858109, 0.04642573862161702, 20, 75, 0.4576568159731604, 0.6466169539881985
0.5647934197188754, 0.05264134434406965, 20, 75, 0.4520264970432017, 0.5837182838048509
0.5681347228828949, 0.05911512663330385, 20, 75, 0.4461186075763895, 0.5201470122030556
0.5709752128480198, 0.06576737686285987, 20, 71.36807739086896, 0.4399948316007624, 0.4561432371798786
0.5733149184115633, 0.07258994703371861, 20, 66.82176357861574, 0.43365243068422166, 0.39094200850322625
0.5751473937421303, 0.07953900743428378, 23.193106489209338, 62.231615238305125, 0.4271236086375723, 0.3253209062424649
0.5764506495947614, 0.08650097032205033, 26.351610420816233, 57.749792508758475, 0.4205070146478735, 0.26165151739951864
0.5772412930660903, 0.09340419036062236, 29.259453645790153, 53.51406138669416, 0.41386757516242156, 0.20212173117420007
0.5775603084519656, 0.10018996043808637, 31.821077189703647, 49.63165000384414, 0.40726363596773896, 0.14842144011783742
0.5774658302145911, 0.1068535113027436, 33.99330824200119, 46.147846335610865, 0.4007057728880603, 0.10128781744674731
0.5770241897071042, 0.11335288706985902, 34.424448726297896, 44.424448726297896, 0.39424448726297895, 0.06044614914318491
0.5763002685209538, 0.11964981580597228, 33.79278200810049, 43.79278200810049, 0.38792782008100485, 0.024977217769543758
0.5753451489856913, 0.12578491817459783, 43.172479476878166, 33.172479476878166, 0.38172479476878163, -0.004912664992963833
0.5741957022750274, 0.13181823639110354, 42.55832974058375, 32.55832974058375, 0.3755832974058375, -0.028756829272527762
0.5728920278820608, 0.13777257504971327, 41.948877535708, 31.948877535708, 0.36948877535707997, -0.04368197492627024
0.5715039846814691, 0.1435747096592175, 41.35269005449788, 31.352690054497877, 0.36352690054497877, -0.049376147926193825
0.5701111322917587, 0.14915131445466132, 40.778537004763685, 30.778537004763685, 0.35778537004763683, -0.050220021106438084
0.5687441992102578, 0.1545631324753204, 40.22107243828936, 30.22107243828936, 0.35221072438289364, -0.04814048678076044
0.567408747884712, 0.1598811379795741, 39.67344511199517, 29.67344511199517, 0.3467344511199517, -0.043175703797263765
0.5661210258414561, 0.16510398955188893, 39.136099348400634, 29.136099348400634, 0.34136099348400634, -0.036854786090107616
0.5648873468986586, 0.1702491297585884, 38.607440279276716, 28.607440279276716, 0.3360744027927672, -0.030536640310289798
0.5637061699024813, 0.17533197509240575, 38.08591882977441, 28.085918829774407, 0.3308591882977441, -0.02486109812986892
0.5625756033675686, 0.18034651345999286, 37.57208276945117, 27.57208276945117, 0.3257208276945117, -0.020295891950601774
0.5614932229409637, 0.18527603524395775, 37.06752102352622, 27.06752102352622, 0.3206752102352622, -0.016389945738475742
0.560460918931557, 0.19008360202535943, 36.57589214125613, 26.575892141256134, 0.31575892141256134, -0.0125064689542147
0.5594640379134331, 0.194824380905795, 36.09149888546731, 26.09149888546731, 0.3109149888546731, -0.0078196061801461
0.5584948809664277, 0.1995390997267145, 35.61019498342175, 25.610194983421746, 0.30610194983421746, -0.0026964158764493096
0.5575650517152194, 0.20418232413997292, 25.136660818711135, 35.136660818711135, 0.30136660818711136, 0.0024116831824656515
0.5566803429309697, 0.20872331642865344, 24.674023600970372, 34.67402360097037, 0.29674023600970373, 0.007136967681062423
0.5558414286408287, 0.21314621762966968, 24.223852862484367, 34.223852862484364, 0.2922385286248437, 0.00600465620203483
0.5550248272908923, 0.21749408181276894, 33.78147415078021, 23.781474150780216, 0.2878147415078022, -0.0033512451476900296
0.5541849578187709, 0.22183746177391564, 33.33909090394394, 23.33909090394394, 0.2833909090394394, -0.014642003551290417
0.5533109183336404, 0.22612109339732003, 32.9019191984092, 22.901919198409203, 0.27901919198409203, -0.01997368314963288
0.5524578327563353, 0.2301333506551723, 32.49178652726954, 22.491786527269536, 0.27491786527269535, -0.015965941982806653
0.5516510374667848, 0.23391657548132333, 32.10502139364245, 22.105021393642453, 0.27105021393642453, -0.006117959725749245
0.5508676299913356, 0.23772587719985766, 21.716143297923743, 31.716143297923743, 0.26716143297923745, 0.006794113083317788
0.550109655248149, 0.24164081930398967, 21.31737901064657, 31.31737901064657, 0.2631737901064657, 0.020336253631352053
0.5494147954044496, 0.24549888244877724, 20.925400833870416, 30.925400833870416, 0.25925400833870416, 0.023969217848092583
0.5487726685433518, 0.2492503135102535, 20.544897430122088, 30.544897430122088, 0.2554489743012209, 0.016419468758873013
0.5481584901441401, 0.2527957837882861, 20.18514734636489, 30.18514734636489, 0.2518514734636489, 0.00938857824429462
0.5475612165683572, 0.25609114033963065, 20, 29.850271858127414, 0.24850271858127412, 0.005949045469813896
0.5469466337410896, 0.2593780477316646, 20, 29.515894911882185, 0.24515894911882186, 0.0030874820739128506
0.5463086477243226, 0.26272923270720017, 29.17476119132708, 20, 0.2417476119132708, -0.0006497198227457535
0.5456594106738516, 0.2660782537161076, 28.83362439235568, 20, 0.2383362439235568, -0.003876827700592056
0.5449962587734607, 0.26943513491721616, 20, 28.491449575164694, 0.23491449575164694, 7.707293175918117e-05
0.5443303624768634, 0.27281264214242723, 20, 28.147197801815004, 0.23147197801815003, 0.012751161651187948
0.5437002479954748, 0.2761546830175373, 20, 27.807112401583236, 0.22807112401583238, 0.024065064390763835
0.5431244065502467, 0.2794221923483223, 20, 27.475382904131244, 0.22475382904131244, 0.02925025971483164
0.5426007934565941, 0.2825406732442415, 20, 27.159283922590806, 0.22159283922590806, 0.03213491609386376
0.5421082915192933, 0.2855432672598403, 20, 26.8551592152192, 0.218551592152192, 0.03478998535099298
0.5416212934445666, 0.28855727923450514, 20, 26.550024647947332, 0.21550024647947333, 0.03656526870381205
0.5411330240717079, 0.2916131598144915, 20, 26.240762893969787, 0.21240762893969786, 0.0372739054842659
0.5406429389888232, 0.29469504114357803, 20, 25.928921286269468, 0.20928921286269467, 0.03773545381173715
0.5401578887792488, 0.2977461775544681, 20, 25.620199980852576, 0.20620199980852577, 0.03913588665564749
0.5396877773046477, 0.30071030989291947, 20, 25.320310098608115, 0.20320310098608116, 0.041376479448049786
0.5392310593115583, 0.3036134762984147, 20, 25.026667897156617, 0.20026667897156616, 0.04382558765679323
0.5387794927003978, 0.3065174481798481, 20, 24.733055240620487, 0.19733055240620487, 0.04687511686207091
0.5383286113269128, 0.30945830214988485, 20, 24.43584859630629, 0.1943584859630629, 0.050262975479821614
0.5378890254472781, 0.3123746127591904, 20, 24.141281092604086, 0.19141281092604084, 0.05379773005234845
0.5374680673223732, 0.3152202060257503, 20, 23.854025652374627, 0.18854025652374629, 0.05756376761890092
0.5370590657230342, 0.3180413113383922, 20, 23.569420758794845, 0.18569420758794844, 0.06129858713623282
0.5366575678072755, 0.3208687390731829, 20, 23.28436105494978, 0.1828436105494978, 0.0650146091070205
0.5362626507609312, 0.323707578747265, 20, 22.99833259814948, 0.17998332598149483, 0.06880881310815457
0.5358762971712454, 0.32654235627794687, 20, 22.712894417436758, 0.1771289441743676, 0.07277114047500532
0.535504118280595, 0.32933189104347266, 20, 22.432196026226748, 0.17432196026226748, 0.0770740245039454
0.5351450810429313, 0.33208649722726763, 20, 22.155209452210897, 0.17155209452210898, 0.0817259982403502
0.5347957750760781, 0.33483711970885754, 20, 22.061452902781323, 0.1687883970811124, 0.08637688657783471
0.5344576642869291, 0.33757344613180024, 20, 22.043489259660525, 0.1660413082025371, 0.0906559739901136
0.5341305555562079, 0.3402901923026319, 20, 21.988483689046944, 0.16331600502493837, 0.0942813864425518
0.5338090573007032, 0.3430180662568323, 20, 21.916257497962622, 0.1605813808550248, 0.09763532354100235
0.5334922478051306, 0.3457517163992937, 20, 21.865815648070516, 0.15784252803602772, 0.10135938074112905
0.5331847332682235, 0.34844984875182566, 20, 21.851046728427665, 0.1551408226916038, 0.10561607432112141
0.5328891049498586, 0.3510970685354603, 20, 21.86778262838225, 0.15249188904048708, 0.11030989540555902
0.5326045496666445, 0.3537089422429064, 20, 21.865553662019167, 0.14988038643749885, 0.114625250304488
0.5323301793497626, 0.3562905788390445, 20, 21.838572076522677, 0.14730118202921758, 0.11847423122668199
0.5320629578291881, 0.35885730522095605, 20, 21.82461264971442, 0.1447387078643673, 0.12251236438796154
0.5318006057448884, 0.3614245337767507, 20, 21.82847730485228, 0.1421774889521289, 0.1268454734939899
0.5315419660932028, 0.3640077941672743, 20, 21.83332652536249, 0.13960220511250956, 0.13121843356852558
0.5312871692793041, 0.36660708871518066, 20, 21.806341014963664, 0.1370129765480318, 0.1350840560026747
0.5310378284554436, 0.36919648049021736, 20, 21.76534747957515, 0.13443551432332018, 0.13869660078738555
0.5307935704366344, 0.3717654946346516, 20, 21.732712057586347, 0.13187999221463254, 0.14241188060205157
0.5305533991894187, 0.37431924868409466, 20, 21.713878902750157, 0.12934125967129906, 0.14632921559367085
0.5303126066038752, 0.37690944958756006, 20, 21.707736178422817, 0.12676804692018695, 0.15051552477340202
0.530072888077556, 0.379520607501111, 20, 21.710068608780233, 0.1241759341185987, 0.15487458661533937
0.5298395930859029, 0.38209585392563583, 20, 21.750776190505015, 0.12162149882753981, 0.1598104384625172
0.5296127693125173, 0.3846404018068175, 20, 21.82472680994877, 0.11909976071197154, 0.1652458456458603
0.529391576068232, 0.38717502086929156, 20, 21.89912449908925, 0.11659048271458293, 0.17066793712718265
0.529174445370706, 0.38972041398981144, 20, 21.974541495032547, 0.1140733770573436, 0.17612006315496975
0.5289617809572419, 0.3922661843626152, 20, 22.040567922426305, 0.11155877279714618, 0.18141151071186146
0.5287550147870821, 0.39478639282133976, -20, 22.114307490321462, 0.10907224216523073, 0.18678472122997314
0.5285518377767653, 0.39730168401656374, -20, 22.207246593121717, 0.10659339353948931, 0.1924651206528798
0.5283934363440528, 0.39928924574716923, -20, 21.70640036553665, 0.10463672036908386, 0.1873788054771377
0.5283158835209615, 0.4002466888667238, 20, 20.178282777021515, 0.10369432164600365, 0.16348084354035253
0.5282884512937295, 0.4005413627240428, 20, 20, 0.10340337037731474, 0.13238608629417725
0.5281728401774147, 0.40134829373942693, 20, 20, 0.10259565327919377, 0.118525895138748
0.5279198101651387, 0.4029904213903255, 20, 20, 0.10094738303534173, 0.1254041462344384
0.5276168186590379, 0.4049033166218956, 20, 20, 0.09902559195663321, 0.13884023224844744
0.5272960741533957, 0.4070393562870504, 20, 20, 0.09688527722886298, 0.15404876796932454
0.5269772153261306, 0.40934352986606337, -20, 20, 0.0945852299457889, 0.16824767731086254
0.5266845752508555, 0.4116459570818852, -20, 20, 0.09229573910151345, 0.1790923666705937
0.5265053915161066, 0.41314103417030784, -20, 20, 0.0908130812406766, 0.17213500226833855
0.5264609082887756, 0.4135279113223257, 20, 20, 0.0904300933746425, 0.1438916252266953
0.5264683317994054, 0.41348176811906756, 20, 20, 0.09047638938444776, 0.11257400264165618
0.5263942505203698, 0.41386940359777796, 20, 20, 0.09008405018167481, 0.09746938774812341
0.5261475321605917, 0.41512263299880575, 20, 20, 0.08881362996266169, 0.10247115033945531
0.5257901087128927, 0.41690445934828113, 20, 20, 0.0870057387970718, 0.11588641628477658
0.5253845171405379, 0.4190101617214333, 20, 20, 0.08487477608127547, 0.13045199626622117
0.5249727845553133, 0.42128373890959375, -20, 20, 0.08258262364746653, 0.1451477097752003
0.5245905104201435, 0.4235413959618145, -20, 20, 0.08031569793129623, 0.15829058548691477
0.524330381644921, 0.42516141346801944, -20, 20, 0.07869422790200212, 0.1558834881053528
0.5242463372142894, 0.4257053478104248, 20, 20, 0.07815100902918007, 0.12975278581069172
0.5242455353931578, 0.4257157478515649, 20, 20, 0.07814087345143482, 0.09492137134695833
0.5241433682460407, 0.42616645288948457, 20, 20, 0.07768072418035653, 0.07442373426537241
0.5238577895735259, 0.427368715637262, 20, 20, 0.07644931387210453, 0.07409200382123449
0.5234324747999324, 0.4290874664654791, 20, 20, 0.07468378865278609, 0.08411564221830048
0.5229139681987107, 0.43121638902475956, 20, 20, 0.07249989708547691, 0.09729383194449648
0.5223809828040971, 0.43349664556726386, 20, 20, 0.07016840130773548, 0.11102107706068742
0.521871183605828, 0.4357875177826363, -20, 20, 0.06783503184074646, 0.1241275519749756
0.5214192960445452, 0.4379156420042013, -20, 20, 0.06567536639253993, 0.13093622609858735
0.5210988090221591, 0.4394718427843363, -20, 20, 0.06410005895533671, 0.12263035936637068
0.5209540356720426, 0.4401736026633876, 20, 20, 0.06338982117992961, 0.09389076365506543
0.5209055365849592, 0.44038619615882674, 20, 20, 0.06317315148319697, 0.05774669256192233
0.5207079012733191, 0.4410856928329716, 20, 20, 0.06244768021405202, 0.03899565429446872
0.5202916506153237, 0.44247861940564565, 20, 20, 0.06099557615249594, 0.04050106844359047
0.5197413980279962, 0.4442650428353551, 20, 20, 0.05912789736025266, 0.05049176594751836
0.5190853765509517, 0.4464317524956974, 20, 20, 0.056866587191195486, 0.06235265094995723
0.5183924251678721, 0.448798741944192, 20, 20, 0.05440450468530357, 0.07376460900141679
0.5177045755231026, 0.45123204103301423, 20, 20, 0.05188223025525069, 0.08558042893234719
0.5170484754641902, 0.4536310569099247, -20, 20, 0.04940373871422825, 0.09588018827128963
0.5164181958604013, 0.4560047766309479, -20, 20, 0.046958884511914094, 0.1032298589288223
0.5157212359405798, 0.4586777368774616, 20, 75, 1.0165614386598714, 1.2570902146430982
0.5157212359405798, 0.4586777368774616, 20, 75, 1.0165614386598714, 1.2570902146430982
0.5153795871613012, 0.4598977365287323, 20, 75, 1.01617119500573, 1.2462224605411378
0.5144537923332038, 0.4631108394576203, 20, 75, 1.0151242815265233, 1.2178242300566235
0.5130467485343694, 0.46761547700422446, 20, 75, 1.0135642416964608, 1.1796564518952453
0.5111853328279946, 0.4728929204599312, 20, 75, 1.011548600457563, 1.1365974872765563
0.508889790326298, 0.4785717023013954, 20, 75, 1.0091173276516967, 1.0915365534964314
0.5061702548809489, 0.48445119179327806, 20, 75, 1.006290389124254, 1.0455825131977687
0.5030329624157931, 0.49041359487342967, 20, 75, 1.0030787720093832, 0.9978850964800983
0.49945878061987725, 0.4964165127614283, 20, 75, 0.9994652047665096, 0.9484098822764566
0.4954691414954064, 0.502358958812831, 20, 75, 0.9954719364986048, 0.8967854829326667
0.49112320717064595, 0.5081044346771617, 20, 75, 0.9911563416805966, 0.8417679055200953
0.48642073285538384, 0.5136093525463278, 20, 75, 0.9865146104765417, 0.7833169477058277
0.48135220177722443, 0.5188439041598406, 20, 75, 0.9815331052272214, 0.7219618967515791
0.47598076827284885, 0.5237127382171645, 20.465750260899668, 75, 0.9762687918766102, 0.6589041623183389
0.4703542765627914, 0.5281596945348326, 24.288199152586728, 75, 0.9707627879353397, 0.5951966807902211
0.46441437371112526, 0.5322245105893194, 28.169455431945725, 75, 0.9649525912205963, 0.5305090761342379
0.45807896493269257, 0.5359468149772436, 32.006813681167486, 75, 0.9587530842471944, 0.46655310531387517
0.45131257254356794, 0.5393206660145179, 35.667068443769324, 75, 0.9521248476199361, 0.4055488592705112
0.44409723475042734, 0.5423378443142288, 39.089549361538865, 75, 0.9450460738633748, 0.3485075106410189
0.4364617239813677, 0.5449832521121234, 42.275413810612896, 75, 0.9375414942565146, 0.2954097698231184
0.4284546334603887, 0.547243722482027, 45.370515928573276, 74.62948407142673, 0.9296558372365676, 0.24382473452377873
0.42005570160946304, 0.549118998501692, 48.4140573993135, 71.58594260068651, 0.9213659262626823, 0.193099043344775
0.41129173626812365, 0.5505876122268829, 51.302208753120425, 68.69779124687958, 0.912694765571376, 0.14496318744799286
0.4022466799424811, 0.5516264355750238, 53.970552316573475, 66.02944768342653, 0.9037225018319573, 0.10049079472377542
0.3929752039133465, 0.5522412384617689, 55, 65, 0.8945020188910153, 0.06078658618683086
0.38353991797398523, 0.5524555197037582, 55, 65, 0.8850956830766197, 0.026417020910486144
0.37404568026233437, 0.5523106592106439, 65, 55, 0.8756096483321201, -0.0037960373983434437
0.3645195721092227, 0.5518501562285878, 65, 55, 0.8660730507646814, -0.029167857132085473
0.35496316611205697, 0.5511193659538499, 65, 55, 0.8564900495533362, -0.04567040697129521
0.3454133427015625, 0.5501878027919059, 65, 55, 0.8469017272192263, -0.05332760409707937
0.3358594039364423, 0.5491421957021824, 65, 55, 0.8373027520242701, -0.05547425580916965
0.32634621058725066, 0.5480586788189831, 65, 55, 0.8277425302361447, -0.054622938999224324
0.31684854557771674, 0.5469764710123286, 65, 55, 0.8181982249071452, -0.051653314526850735
0.30728623445187664, 0.5459116353335874, 65, 55, 0.8085907138933112, -0.04626222691378423
0.29765180440858513, 0.5448857998207259, 65, 55, 0.7989137225644695, -0.03999813647166128
0.2879903234488289, 0.5439198766043456, 65, 55, 0.7892133459400766, -0.03533996112073545
0.2783386789493838, 0.5430136746596562, 65, 55, 0.7795263147299125, -0.03256641283502315
0.26870396495703447, 0.542150039610374, 65, 55, 0.7698586958525712, -0.029008963621475203
0.25906619260692193, 0.5413213069368107, 65, 55, 0.7601900651585332, -0.02430372864858299
0.24938336217193374, 0.5405330353116365, 65, 55, 0.7504787475016771, -0.019180698483568293
0.23968615918297606, 0.5397950528371197, 65, 55, 0.7407558709299389, -0.012885299634866954
0.23001577932798845, 0.5391176960626762, 65, 55, 0.7310630836070867, -0.0057749410653347155
0.22037721119931353, 0.5385098666789527, 55, 65, 0.7214058055262178, 0.0017017040417464102
0.21072400033046268, 0.5379736142800284, 55, 65, 0.711737732614496, 0.009461878452335704
0.2009735911000067, 0.537507323744963, 55, 65, 0.701976334896091, 0.012135823153998082
0.1911637730748539, 0.5370889814185207, 55, 65, 0.6921581854993347, 0.00626271096208697
0.18134953720865554, 0.5366535595849546, 65, 55, 0.682334723786425, -0.0036176106270655595
0.17166359480464594, 0.5361466706909925, 65, 55, 0.6726355375594889, -0.010087015567457946
0.1621479789139628, 0.5355693560973112, 65, 55, 0.6631026504795642, -0.004992869042593995
0.1526171726588825, 0.5349849310628961, 55, 65, 0.6535542207428159, 0.010009898917173743
0.14297743984395953, 0.5344923176371531, 55, 65, 0.6439019398357756, 0.02608800967340308
0.13327936588698658, 0.5341476007514762, 55, 65, 0.6341993487029974, 0.033874761388460684
0.12367629510997995, 0.5339191327738736, 55, 65, 0.6245979736200258, 0.03137028357838467
0.1142283979791165, 0.5337162677579047, 55, 65, 0.6151530798065752, 0.026682693730929685
0.10482814770936463, 0.5334759218279078, 55, 65, 0.6057538490210105, 0.024262728807546985
0.09536145135104346, 0.5331956315171664, 54.628617936913855, 64.62861793691386, 0.5962861793691385, 0.023372662992898086
0.08585383199214963, 0.5328943577175408, 53.677657692646136, 63.677657692646136, 0.5867765769264613, 0.023762059334850427
0.07638792552480797, 0.5325882488966809, 52.73084397936199, 62.73084397936199, 0.5773084397936199, 0.02415184375986179
0.06701024296642727, 0.5322849930637347, 51.792863671941404, 61.792863671941404, 0.5679286367194141, 0.02390176628547902
0.05772607198432952, 0.5319817569112909, 50.864228639282445, 60.864228639282445, 0.5586422863928244, 0.024026421647921126
0.04859253777209844, 0.5316792061707679, 49.95064554696708, 59.95064554696708, 0.5495064554696708, 0.023871971118708757
0.03966151854882446, 0.5313796422719846, 49.057306310205746, 59.057306310205746, 0.5405730631020574, 0.023436710369290736
0.03084487558799676, 0.5310777631860061, 48.175380516050964, 58.175380516050964, 0.5317538051605096, 0.022997945375506923
0.0221011355861019, 0.5307710837457548, 47.300712746117085, 57.300712746117085, 0.5230071274611708, 0.021627955762044238
0.013461580970567842, 0.5304568603639299, 46.436408843933, 56.436408843933, 0.51436408843933, 0.01987376816383879
0.004983498623786921, 0.5301320402009612, 45.58816795743769, 55.58816795743769, 0.5058816795743769, 0.018741623804302776
-0.0033227728270886683, 0.5297987028705166, 44.75703273758767, 54.75703273758767, 0.4975703273758767, 0.017676405505191894
-0.011519610736443413, 0.5294579367450948, 43.93678174260684, 53.93678174260684, 0.4893678174260684, 0.016315466989588856
-0.019549918970106828, 0.5291118619818207, 43.13312589783459, 53.13312589783459, 0.4813312589783459, 0.01456220286842047
-0.027356524360171983, 0.5287609227228792, 42.35177354025593, 52.35177354025593, 0.47351773540255926, 0.013428748438931493
-0.03500172796764082, 0.5284040422781593, 41.58649832417321, 51.58649832417321, 0.46586498324173214, 0.012362785738989857
-0.04254271683416496, 0.5280418495997032, 40.83159513375455, 50.83159513375455, 0.4583159513375455, 0.010722765607964035
-0.04996384862333031, 0.5276737339336713, 40.08862085889924, 50.08862085889924, 0.4508862085889924, 0.008596888534851743
-0.05721826247806643, 0.5272987467534979, 39.36224618493231, 49.36224618493231, 0.4436224618493231, 0.006067966716967632
-0.06431098610126866, 0.5269143090653106, 38.65195263267291, 48.65195263267291, 0.4365195263267291, 0.0039635110354527825
-0.07128351043798963, 0.5265191574001921, 37.95359055208185, 47.95359055208185, 0.4295359055208185, 0.002099030721845807
-0.07811524653483765, 0.5261177247417589, 47.26924186119821, 37.26924186119821, 0.4226924186119821, -7.630259463375921e-05
-0.08475436833324393, 0.5257137312904303, 46.60410203275631, 36.60410203275631, 0.41604102032756307, -0.001264838344667396
-0.09129432137805853, 0.5253044030378483, 35.948827156699316, 45.948827156699316, 0.4094882715669932, 0.004473243893894363
-0.09778850723698804, 0.5249126129980605, 35.29822864556723, 45.29822864556723, 0.4029822864556723, 0.01794321366000684
-0.1041667475719857, 0.5245888590505141, 34.6596237648753, 44.6596237648753, 0.396596237648753, 0.02832193867084598
-0.11031494091223423, 0.524349261910856, 34.044504329270076, 44.044504329270076, 0.39044504329270074, 0.029705681381802407
-0.1162050117419168, 0.5241535444329192, 33.455427018913106, 43.455427018913106, 0.3845542701891311, 0.02598048578152934
-0.12204286103903046, 0.5239503019755503, 32.87152173550486, 42.87152173550486, 0.3787152173550486, 0.02038623846106713
-0.12788478124916774, 0.5237173074008825, 32.28702813262646, 42.28702813262646, 0.3728702813262646, 0.014077560259591948
-0.1336421099799918, 0.5234510670630834, 31.710769009421426, 41.710769009421426, 0.36710769009421423, 0.00804634035716667
-0.13928870943385058, 0.5231532852823267, 31.145360665134035, 41.145360665134035, 0.36145360665134035, 0.0036788056857037787
-0.14478848219575927, 0.5228332927322931, 30.59446328262179, 40.59446328262179, 0.35594463282621785, 0.0003407366584378124
-0.15018846856388407, 0.5224973599571763, 40.05342190581734, 30.053421905817338, 0.3505342190581734, -0.002965368925222478
-0.15552511526989232, 0.5221472671114935, 39.518610581877255, 29.518610581877255, 0.3451861058187725, -0.0059523134609733575
-0.16085544478357833, 0.521780585479816, 38.984323332499656, 28.984323332499656, 0.33984323332499655, -0.0037047135307926027
-0.16620119935269642, 0.521411129748225, 28.448479156857594, 38.448479156857594, 0.3344847915685759, 0.007343771106153696
-0.17139372601053018, 0.5210865912214798, 27.928213986577575, 37.928213986577575, 0.32928213986577576, 0.02035050901052049
-0.1763719695077663, 0.5208358243268914, 27.429806304642526, 37.429806304642526, 0.3242980630464253, 0.024827021255723558
-0.1812433590946863, 0.5206330078267543, 26.942372662846765, 36.942372662846765, 0.31942372662846763, 0.01877549849075777
-0.18609895394183287, 0.5204256842524546, 26.45648983812284, 36.45648983812284, 0.3145648983812284, 0.0083592773314205
-0.19097328742762265, 0.5201756399897399, 35.96846226926456, 25.968462269264567, 0.3096846226926457, -0.0025508824888831327
-0.1957254453945767, 0.5198804795484832, 35.4923331425141, 25.4923331425141, 0.304923331425141, -0.009826405663619475
-0.20026234735987866, 0.5195562593931814, 35.037494517962614, 25.037494517962614, 0.30037494517962615, -0.006951670795254827
-0.20473121900620916, 0.5192268348400484, 24.58941097884946, 34.58941097884946, 0.2958941097884946, 0.005067067566135286
-0.20912980476155993, 0.5189354329799565, 24.14858849072913, 34.148588490729125, 0.29148588490729127, 0.016825530698442392
-0.21341752395234065, 0.5187032177835261, 23.719214114084885, 33.719214114084885, 0.28719214114084884, 0.01782301875183201
-0.21770670381171386, 0.5184982010669377, 23.28987248390496, 33.28987248390496, 0.2828987248390496, 0.00909334353032154
-0.22201571053456767, 0.5182746259524523, 32.8584326808425, 22.858432680842494, 0.27858432680842493, -0.00228616540095139
-0.22615120347277318, 0.5180182946217149, 32.44409267957048, 22.44409267957048, 0.2744409267957048, -0.01261439015137178
-0.23002468877889648, 0.5177350311574429, 32.05572028224108, 22.055720282241086, 0.27055720282241086, -0.014202668204735147
-0.23382914650072759, 0.5174336109730534, 31.67411742571643, 21.67411742571643, 0.2667411742571643, -0.0055868668833554125
-0.23773304586367122, 0.5171390366217696, 21.282637198019067, 31.282637198019067, 0.26282637198019065, 0.007060973810872007
-0.24161907238030914, 0.5168870755168177, 20.893218625177262, 30.893218625177262, 0.2589321862517726, 0.018380554667905002
-0.2453315840668856, 0.5166913704474531, 20.521481916474965, 30.521481916474965, 0.25521481916474964, 0.02078936030897438
-0.2489676105200689, 0.5165248344015322, 20.157569580546106, 30.157569580546106, 0.2515756958054611, 0.013749122095241262
-0.25261354970497835, 0.5163485024086588, 20, 29.792605615500992, 0.24792605615500993, 0.002971628852535879
-0.256242142277041, 0.516139741339119, 29.429159717882232, 20, 0.24429159717882232, -0.010067938422446687
-0.25968151982141713, 0.5159010682703224, 29.084396585233637, 20, 0.2408439658523364, -0.021425196027483828
-0.2629261897328004, 0.5156350787450805, 28.758881960642217, 20, 0.23758881960642217, -0.02284601468402414
-0.2661898561266724, 0.5153467811002945, 28.431326694877207, 20, 0.23431326694877205, -0.014348676543550987
-0.2695218341853881, 0.5150653310367301, 28.097001778697166, 20, 0.23097001778697165, -0.0034932838851400305
-0.27281497673034294, 0.5148197549792439, 20, 27.766787198829668, 0.2276678719882967, 0.005831334916405417
-0.2760172294213793, 0.5146142632273872, 20, 27.445903458260354, 0.22445903458260352, 0.012336884137824633
-0.2791951261772162, 0.514435929994213, 20, 27.12762716124196, 0.2212762716124196, 0.012931338451500629
-0.2823840099736762, 0.5142680850947308, 20, 26.808323495263807, 0.21808323495263807, 0.007646776393430699
-0.28563465657182063, 0.514088670165839, 26.482781730987046, 20, 0.21482781730987047, -0.0004487546160749645
-0.2889047284906227, 0.5138859766062972, 26.155149254951702, 20, 0.21155149254951702, -0.009755876712645772
-0.29201752994838653, 0.5136659086846904, 25.84309595740244, 20, 0.20843095957402438, -0.01511422754196623
-0.29496815214690314, 0.5134351518375311, 25.54715599272877, 20, 0.2054715599272877, -0.013995243472100682
-0.29791831152574055, 0.5131984300886842, 25.251224005825804, 20, 0.20251224005825805, -0.009016769030715466
-0.30096240887422654, 0.5129642178553592, 24.945935331729064, 20, 0.19945935331729064, -0.002517962466632717
-0.3040544385120068, 0.5127446120208384, 20, 24.635958902586506, 0.19635958902586506, 0.0037872284640698695
-0.307090832087581, 0.5125487477000837, 20, 24.331688527777967, 0.19331688527777968, 0.007875336984579207
-0.3100297413172828, 0.5123746922531538, 20, 24.03728767244398, 0.1903728767244398, 0.007130594190092765
-0.3129430210780531, 0.5122069839075816, 20, 23.745485808462163, 0.18745485808462162, 0.002055689226914126
-0.31589723260068037, 0.5120279406761636, 23.449525826155345, 20, 0.18449525826155344, -0.004360422244491957
-0.31883999074481717, 0.5118324874941544, 23.154601817070308, 20, 0.18154601817070307, -0.009941218937226992
-0.3216934872173818, 0.5116257433254527, 22.868511524065823, 20, 0.17868511524065822, -0.012372978584717309
-0.3244477800425226, 0.5114151674054038, 22.59229603516605, 20, 0.17592296035166052, -0.010694369951041338
-0.3271916688858069, 0.5112047280091059, 22.317120208692504, 20, 0.17317120208692505, -0.00679917591764756
-0.32998794941252835, 0.5109986271214304, 22.0367447429118, 20, 0.170367447429118, -0.003050130039140342
-0.33277984371544334, 0.5108039449443048, 21.75688094312039, 20, 0.1675688094312039, -0.0006304371982892576
-0.3355101790435019, 0.5106223337925786, 20, 21.48324457547778, 0.1648324457547778, 0.00017252669469414172
-0.33816309520979204, 0.5104503459246644, 21.217396055476968, 20, 0.16217396055476968, -0.0003879154575896493
-0.3408160357718627, 0.5102787327853591, 20.951547515854912, 20, 0.15951547515854914, -0.0020587881438842714
-0.34351541373445904, 0.510101106906885, 20.681026146091924, 20, 0.15681026146091923, -0.0036561873349203466
-0.346152336836663, 0.5099233505890831, 20.416736472980737, 20, 0.15416736472980735, -0.004539495240418745
-0.348700978500056, 0.5097484162474791, 20.161274856084706, 20, 0.15161274856084705, -0.005165220543928761
-0.351233957571423, 0.5095727770488432, 20, 20, 0.14907371814068376, -0.005155746904156544
-0.35381869454021553, 0.5093929505205773, 20, 20, 0.14648276890272394, -0.004784143407253083
-0.3564242005303029, 0.5092123990651015, 20, 20, 0.1438710481295572, -0.0047825208867369184
-0.35897795671090305, 0.5090361521314438, 20, 20, 0.14131124774332202, -0.004962724095479487
-0.3615161728422578, 0.5088609784074769, 20, 20, 0.13876702534317434, -0.0050528673255128
-0.3640906410005802, 0.5086831833353769, 20, 20, 0.13618645871182988, -0.0048704519626818765
-0.366711754630246, 0.5085025360628803, 20, 20, 0.13355916094842885, -0.0042272108544771925
-0.36934331992194974, 0.5083225100231803, 20, 20, 0.13092147349500735, -0.0035781142399713417
-0.3719542959923127, 0.5081458381628019, 20, 20, 0.12830454783131742, -0.0032878067645416564
-0.37456537046686783, 0.5079706246328116, 20, 20, 0.12568761730238703, -0.002989225459481659
-0.37719205217629637, 0.5077953413711019, 20, 20, 0.1230551071502582, -0.0027789714651600406
-0.3798084285558998, 0.5076215955051177, 20, 20, 0.1204329795539655, -0.0029352435660054965
-0.38241964019253605, 0.5074484374783209, 20, 20, 0.11781604404036464, -0.0037411807798228836
-0.3850307794646692, 0.5072741942925669, 20, 20, 0.11519911272708461, -0.005115797970942637
-0.38764691882454866, 0.5070969231102829, 20, 20, 0.1125770010581683, -0.006239853639637971
-0.39027839207101345, 0.5069155589455914, 20, 20, 0.1099393296416355, -0.006562768324446466
-0.39290975586513954, 0.50673260884409, 20, 20, 0.10730167012079324, -0.005980050589918129
-0.3955256300295392, 0.5065514610343322, 20, 20, 0.10467958550934892, -0.004933822425819301
-0.39811059699768075, 0.5063749783784782, 20, 20, 0.10208864184371877, -0.00423994327974242
-0.4006905631314225, 0.5062014943348498, 20, 20, 0.09950287826560174, -0.0041754848743380535
-0.40327579812484043, 0.506028975455801, 20, 20, 0.0969119176027039, -0.004196881325330359
-0.40587659983093793, 0.5058557825527707, 20, 20, 0.09430537974416267, -0.004128710986742945
-0.4085033301978146, 0.5056812294578454, 20, 20, 0.09167288013934566, -0.003971768242042373
-0.4111197387520789, 0.5055079687789077, 20, 20, 0.0890507639471337, -0.0038146761464936674
-0.4137361956847303, 0.5053354402152613, 20, 20, 0.08642864604535797, -0.003656441053699666
-0.4163475189784247, 0.5051639746163423, 20, 20, 0.0838117188399286, -0.0035895458124226565
-0.4189381570460388, 0.5049944732234802, 20, 20, 0.08121555975225885, -0.0035218134862029515
-0.42152364513140134, 0.5048257898061882, 20, 20, 0.0786245923405377, -0.0031773291685812666
-0.42410400634673956, 0.5046582822906241, 20, 20, 0.07603881539394793, -0.002922378118144664
-0.4266999822041465, 0.5044908517121369, 20, 20, 0.07343745882022908, -0.002939706041054535
-0.42928563325072144, 0.5043246847976997, 20, 20, 0.07084648589274507, -0.0031416493641991394
-0.4318505576967331, 0.5041598508338427, 20, 20, 0.06827628318242088, -0.003350893428237356
-0.4344258301175739, 0.5039941120935842, 20, 20, 0.06569569763070786, -0.0030170995165370584
-0.4369907695540953, 0.5038295125929061, 20, 20, 0.06312549633931085, -0.002314953073137005
-0.4395661798653714, 0.5036659340025981, 20, 20, 0.06054490637680471, -0.001782183831327444
-0.44216762098298956, 0.5035026284401031, 20, 20, 0.05793835058712466, -0.001320637690084503
-0.4447639776477077, 0.5033412114969681, 20, 20, 0.0553369845543684, -0.0007467783699137698
-0.4473448833437646, 0.5031823146355574, 20, 20, 0.05275119369759742, 0.0001278502111912161
-0.44990518207364, 0.5030267103817103, 20, 20, 0.05018617099171756, 0.001037800065667227
-0.4524708077805099, 0.5028731819606513, 0, 20, 0.047615956229149166, 0.0017179900607970922
-0.455005452564137, 0.5027234897931462, 0, 20, 0.045076897581926574, 0.0015179820790258702
-0.45807400959352146, 0.5025427739864168, 20, 75, 1.0034190561993248, 1.456897113270995
-0.4580895461822574, 0.50254165179212, 20, 75, 1.003417285937053, 1.4566343748471002
-0.45931173353902566, 0.502453036859843, 20, 75, 1.0032784389874632, 1.4444960477422732
-0.46260839086078664, 0.502185919509599, 20, 75, 1.0028832183745624, 1.415781114296566
-0.46731270069891434, 0.5016971030475399, 20, 75, 1.002230285807325, 1.3778947614180126
-0.47279232686121475, 0.5009246801248615, 20, 75, 1.0012943986464136, 1.3340118918034438
-0.478694716237293, 0.4998153639165596, 20, 75, 1.000042337623669, 1.2884218019112748
-0.48485198986670164, 0.49833566547312574, 20, 75, 0.9984505812340776, 1.2435593572941572
-0.49110515382559733, 0.4964913422428229, 20, 75, 0.9965310398845432, 1.1989946307140062
-0.4973885045335259, 0.4942844604564006, 20, 75, 0.9942878900065348, 1.1532777914927212
-0.5037796494521325, 0.49166086802450115, 20, 75, 0.9916680709396103, 1.1043614998114961
-0.510167956913374, 0.4886336209634922, 20, 75, 0.9886859075799445, 1.0514933860989508
-0.5163895361071223, 0.48523437543091164, 20, 75, 0.9853706873174912, 0.9953488251541254
-0.5224536698370423, 0.48142388559478694, 20, 75, 0.9816807070046353, 0.9359436741793372
-0.5282708720285032, 0.4772289724003815, 20, 75, 0.9776378198003377, 0.8744899522001699
-0.5338140601636663, 0.47263769005305134, 20, 75, 0.9732252908635737, 0.8112428537143579
-0.5390990812135388, 0.4676151525548187, 20, 75, 0.9684047818992986, 0.7461314065825224
-0.544049018300333, 0.4622059578187213, 20, 75, 0.9632136945014154, 0.6798199221801662
-0.5485863844598947, 0.45647952712089435, 23.238630131224838, 75, 0.9577127557656807, 0.6126894978129194
-0.552690437408594, 0.4504538873713945, 27.328152925918303, 75, 0.9519132703212538, 0.5445307845680283
-0.5563972062289503, 0.4440559067352161, 31.43801957182138, 75, 0.9457389702830702, 0.47603300713631036
-0.5597165659710014, 0.43722291329459007, 35.35046627189446, 75, 0.9391234516589221, 0.41082556213509225
-0.5626266603598762, 0.4299643405812404, 38.93349326907277, 75, 0.9320706911712933, 0.35110844551545384
-0.5651383875346794, 0.42225142785739644, 42.29213558157941, 75, 0.9245489201311224, 0.2951310736403432
-0.567237088841466, 0.4141686150096532, 45.55034462014408, 74.44965537985593, 0.9166379234924458, 0.24082758966426532
-0.5688954405442787, 0.40579857826723503, 48.64948591186297, 71.35051408813703, 0.9084149085735739, 0.18917523480228393
-0.5701158237204609, 0.3971434720207908, 51.506478518993966, 68.49352148100604, 0.899879235300781, 0.14155869135010057
-0.5709038833880433, 0.3882137496685664, 54.03813367505572, 65.96186632494428, 0.8910392953062172, 0.0993644387490713
-0.5712839878152075, 0.3790593350040023, 55, 65, 0.8819448516639333, 0.06306817333672132
-0.5712916352169711, 0.3697874275036738, 55, 65, 0.8727042261243888, 0.032410620000421275
-0.5709778056650773, 0.360458010738239, 55, 65, 0.8633804706736404, 0.006227529688809241
-0.5703900471168581, 0.35110509604040663, 65, 55, 0.8540109151755985, -0.017572678931087715
-0.5695566243559383, 0.34167688027275134, 65, 55, 0.8445460880126463, -0.03831270772282025
-0.5684998397549906, 0.3321507441392424, 65, 55, 0.834965322045146, -0.05105898901350425
-0.5672808382921322, 0.3226017979409045, 65, 55, 0.8253486712759042, -0.0551051878391009
-0.5659835053426425, 0.31304728566241574, 65, 55, 0.8157203636665721, -0.05490100382137353
-0.564671250583302, 0.30347907399800284, 65, 55, 0.8060775353554375, -0.05333815560444233
-0.5633577380585113, 0.29379050980234317, 65, 55, 0.7963149982413711, -0.051317296184572925
-0.5620622948110756, 0.2840576091563572, 65, 55, 0.7865100526459912, -0.048543905617878025
-0.5608147377567737, 0.2744598160082913, 65, 55, 0.776843896120721, -0.045275659944347346
-0.5596063718477381, 0.2648884146691599, 65, 55, 0.7672074077196802, -0.040120519246484854
-0.5584367426251102, 0.25524945620982536, 65, 55, 0.7575068276879557, -0.03325364741333914
-0.5573291795868052, 0.2455927430608173, 65, 55, 0.7477935365707905, -0.02594560878025476
-0.5562995629080513, 0.2359691898481866, 65, 55, 0.7381194274569893, -0.017806579457843696
-0.5553461471287009, 0.2263117154748952, 65, 55, 0.7284173968529836, -0.008921054848789467
-0.5544762007193903, 0.21662552569428173, 55, 65, 0.7186931198511817, 0.000631692183255872
-0.5536988274977108, 0.20694189799091006, 55, 65, 0.7089784278873507, 0.009382140845008102
-0.5530077772700722, 0.19719965235745684, 55, 65, 0.699211827487545, 0.011213659037617951
-0.5523642814451509, 0.1873968194799127, 55, 65, 0.6893884285381984, 0.0046850300709593284
-0.5517008015221138, 0.17765261698414989, 65, 55, 0.6796219847705752, -0.005676772162200194
-0.5509693296906315, 0.1681112362569867, 65, 55, 0.6700526073241947, -0.012821500875281444
-0.5501656140924949, 0.15872150716006808, 65, 55, 0.660628952463112, -0.0071119949810833916
-0.5493523437474764, 0.1492908873604898, 55, 65, 0.6511638121415696, 0.008597649119035822
-0.5486317528581252, 0.13971760702203156, 55, 65, 0.6415634529179856, 0.0242784221361374
-0.5480560980358921, 0.1300408859965451, 55, 65, 0.6318709572260358, 0.031299476793289926
-0.5475888559594148, 0.12035808240400354, 55, 65, 0.6221807210252488, 0.028859937125021773
-0.5471422297997107, 0.11071064566307681, 55, 65, 0.61252745453302, 0.02451613762383964
-0.5466597686764755, 0.1010909469556538, 55, 65, 0.6028992125761874, 0.021330180374905083
-0.5461384540209362, 0.09150446325905857, 54.33011773078063, 64.33011773078063, 0.5933011773078063, 0.019942951313057122
-0.5455939981132135, 0.08196606088642804, 53.374935433592846, 63.374935433592846, 0.5837493543359284, 0.01861479941625621
-0.545034073287219, 0.07244415761371778, 52.42128362749457, 62.42128362749457, 0.5742128362749457, 0.016063507942313038
-0.5444547997828444, 0.06295983230387218, 51.471231792067066, 61.471231792067066, 0.5647123179206707, 0.013761892384241747
-0.5438585847680713, 0.053617029513540804, 50.53515920795174, 60.53515920795174, 0.5553515920795175, 0.012068853173237137
-0.5432530886082602, 0.04445694137325678, 49.617230860203435, 59.617230860203435, 0.5461723086020344, 0.010433800035901442
-0.5426403827064591, 0.03544825260983865, 48.71434012070546, 58.71434012070546, 0.5371434012070546, 0.008863201779282015
-0.5420229893542039, 0.02660643588040721, 47.82804841605726, 57.82804841605726, 0.5282804841605726, 0.007079713704613688
-0.5414003097031332, 0.01792115395162555, 46.95731973014954, 56.95731973014954, 0.5195731973014954, 0.005267651972666876
-0.5407760674853354, 0.009444227192661773, 46.107348620281314, 56.107348620281314, 0.5110734862028131, 0.003980929245047449
-0.5401563235680354, 0.0012168866690203655, 45.28229288772403, 55.28229288772403, 0.5028229288772403, 0.003223312216888985
-0.5395368680090052, -0.006885502200414312, 44.46969495277883, 54.46969495277883, 0.4946969495277883, 0.002448649234551681
-0.538920687374158, -0.014857951010364672, 43.670075775936354, 53.670075775936354, 0.48670075775936356, 0.0011977345920159976
-0.5383073485543416, -0.02268479449178709, 52.884993302976596, 42.884993302976596, 0.478849933029766, -7.001945205775684e-05
-0.5376941901607222, -0.03038143883392567, 52.112890482708295, 42.112890482708295, 0.4711289048270829, -0.000709452896962226
-0.5370809969598324, -0.03798431945382891, 41.35013370057057, 51.35013370057057, 0.46350133700570567, 0.004754732534497208
-0.5364892750113089, -0.04554720813190623, 40.59153509452779, 50.59153509452779, 0.4559153509452779, 0.01786172352944959
-0.5359757999704624, -0.05299077284026742, 39.845457668470296, 49.845457668470296, 0.44845457668470295, 0.026857312170021963
-0.5355580687725238, -0.06019077553619992, 39.12442976155962, 49.12442976155962, 0.4412442976155962, 0.02694450750727828
-0.5351848378823135, -0.06714891247415752, 38.427875470613245, 48.427875470613245, 0.4342787547061325, 0.022743014892382618
-0.5347970344720241, -0.07405942966648794, 37.735957116237, 47.735957116237, 0.42735957116237, 0.016009168944547625
-0.5343667264520534, -0.08099861890234764, 37.04084076808769, 47.04084076808769, 0.4204084076808769, 0.008080844412621246
-0.5338914078882169, -0.08782035225841475, 36.35706584623996, 46.35706584623996, 0.4135706584623996, 0.0005879538003075169
-0.533376894800245, -0.09444136344405679, 45.692975412424964, 35.692975412424964, 0.40692975412424964, -0.004994777475241463
-0.5328302516196889, -0.10091393051629202, 45.04341597283717, 35.04341597283717, 0.40043415972837165, -0.008460185436691248
-0.5322591115254244, -0.10732705859818578, 44.3995798436433, 34.3995798436433, 0.393995798436433, -0.0050470226817651564
-0.5316891712838626, -0.1137298672156822, 33.756782510661594, 43.756782510661594, 0.38756782510661597, 0.006708241882435573
-0.5311748474452631, -0.12005393273837774, 33.12228811873818, 43.12228811873818, 0.38122288118738185, 0.01932999842782568
-0.5307541014820809, -0.12614030254820063, 32.51224975081088, 42.51224975081088, 0.3751224975081088, 0.022784169470090987
-0.530395582672261, -0.13201749986051098, 31.923571313578982, 41.92357131357898, 0.36923571313578984, 0.0157037712798882
-0.5300278342506158, -0.1378472710525666, 31.33954731609292, 41.33954731609292, 0.3633954731609292, 0.004240331909321604
-0.5296098119375355, -0.14360071101550984, 40.76271719984743, 30.76271719984743, 0.35762717199847427, -0.007927033289761631
-0.5291353179460843, -0.149198658265818, 40.20091591341364, 30.20091591341364, 0.3520091591341364, -0.016854864378167633
-0.5286175964849144, -0.15462072320843961, 39.656285384564036, 29.656285384564036, 0.34656285384564034, -0.016399632325895475
-0.5280884383109304, -0.15992695142040497, 39.12310635580626, 29.123106355806257, 0.3412310635580626, -0.006183569899735453
-0.5276041187593353, -0.16506530657022664, 28.607028466583557, 38.60702846658356, 0.33607028466583555, 0.004765226390641253
-0.5271897548452248, -0.17004305761257352, 28.107531861829095, 38.107531861829095, 0.331075318618291, 0.013654016910380484
-0.5268286641808666, -0.17497812991366565, 27.612726542892375, 37.612726542892375, 0.3261272654289238, 0.016296759099226676
-0.5264938086896797, -0.17994632218156134, 27.114837471797095, 37.114837471797095, 0.3211483747179709, 0.010317967532550654
-0.5261457234116266, -0.18497083899067202, 26.611227615984543, 36.611227615984546, 0.31611227615984544, 0.0007034596423043382
-0.525764167408571, -0.18990956822690555, 36.115891148974185, 26.11589114897419, 0.3111589114897419, -0.011815803286361337
-0.5253508550183279, -0.19458513101821914, 35.64651824356539, 25.64651824356539, 0.3064651824356539, -0.023208489114825426
-0.5249075700018253, -0.1989918992979809, 35.203685823361475, 25.203685823361475, 0.30203685823361476, -0.023927813079949622
-0.5244466525226944, -0.20331338937316934, 34.76920955363141, 24.769209553631416, 0.29769209553631415, -0.013796292662171084
-0.5240008874621337, -0.20770426094599917, 34.32794600173946, 24.327946001739463, 0.29327946001739463, -0.00017352003635551227
-0.5236096417506095, -0.21207942811961664, 23.88869517571175, 33.888695175711746, 0.2888869517571175, 0.013067872788710133
-0.5232913197474343, -0.21628349200819186, 23.46709371935304, 33.467093719353045, 0.2846709371935304, 0.022803292587274093
-0.5230331581804719, -0.22030963626641173, 23.06371784728345, 33.06371784728345, 0.2806371784728345, 0.024080194062939597
-0.5227972338275051, -0.22433198992221887, 22.66090483885688, 32.66090483885688, 0.2766090483885688, 0.017006005329304408
-0.5225436124948646, -0.2284312758674666, 22.250281905200662, 32.250281905200666, 0.27250281905200663, 0.006099070067755896
-0.5222664836293178, -0.2323364288565551, 31.858813006251165, 21.858813006251165, 0.26858813006251164, -0.0061509257347385216
-0.5219664330958422, -0.23595339045159405, 31.495874433006065, 21.495874433006065, 0.26495874433006067, -0.013287259696110887
-0.5216275551000741, -0.2395930428185357, 31.13035294214675, 21.13035294214675, 0.2613035294214675, -0.008974309348590559
-0.5212706164937057, -0.24337703946687914, 20.750297667950555, 30.750297667950555, 0.25750297667950556, 0.003099686621215625
-0.5209558339332776, -0.24702923279041297, 20.383726290370795, 30.383726290370795, 0.25383726290370795, 0.013066147129872085
-0.520697873263221, -0.25047766262106597, 20.03793098653859, 30.03793098653859, 0.2503793098653859, 0.013176416160527893
-0.5204559940211385, -0.2539481212811983, 20, 29.6900738582218, 0.246900738582218, 0.0055735371676135514
-0.5201888456545658, -0.2575729107663953, 29.32662802016383, 20, 0.24326628020163832, -0.003929281294519527
-0.5198858742583957, -0.2612521788250366, 28.957456065036002, 20, 0.23957456065036, -0.012538027947574193
-0.5195674221898985, -0.2647372742177274, 28.60750604228717, 20, 0.23607506042287169, -0.012286060910609464
-0.5192561338053417, -0.2679883965410346, 28.280932719444344, 20, 0.23280932719444344, -0.0023545207615889296
-0.5189631205511214, -0.27123074830532773, 20, 27.95538508977287, 0.22955385089772873, 0.009688079868166888
-0.5187006444201813, -0.27454341164797497, 20, 27.623082754802567, 0.22623082754802568, 0.020867930531353274
-0.5184766115590456, -0.2778589066256777, 20, 27.290816615871936, 0.22290816615871936, 0.02665905776028854
-0.5182803377325743, -0.2811761992842417, 20, 26.95860344086274, 0.21958603440862737, 0.02460976692296235
-0.5180889712880389, -0.28449899008248686, 20, 26.625886376684676, 0.21625886376684678, 0.017867567897119407
-0.517883425814228, -0.2877949034478831, 20, 26.295731948337966, 0.21295731948337968, 0.009113697206617921
-0.5176603130506686, -0.29096474934927274, 20, 25.97799386777963, 0.20977993867779632, 5.075052808489744e-05
-0.5174211422564639, -0.29396677033457985, 25.67684403478532, 20, 0.2067684403478532, -0.007297240168835373
-0.5171616371215629, -0.296909780730951, 25.381403031058145, 20, 0.20381403031058146, -0.010594572756465581
-0.5168776153339198, -0.2999444265738462, 25.076624805536163, 20, 0.2007662480553616, -0.007671710698625489
-0.5165861775734006, -0.30305660438018733, 24.764058885957212, 20, 0.1976405888595721, -0.0005851092788766721
-0.5163178339505609, -0.3060874481891362, 20, 24.459791739543107, 0.19459791739543109, 0.006209176283261009
-0.5160790269062443, -0.30902179445491246, 20, 24.165388099246368, 0.19165388099246367, 0.010794703222002155
-0.5158605207946227, -0.311910869575832, 20, 23.87566610840432, 0.1887566610840432, 0.011110717721377839
-0.5156477582315904, -0.3148159998418077, 20, 23.584392982355833, 0.18584392982355832, 0.007481882762635728
-0.5154270200600339, -0.3177569796561758, 20, 23.289480969117804, 0.18289480969117802, 0.0029971487931081953
-0.5151993687290425, -0.3206297226493718, 23.001310287477043, 20, 0.18001310287477043, -0.0005329983844504227
-0.5149675295519286, -0.32340835733763745, 22.72248154155602, 20, 0.17722481541556023, -0.0020889235045107313
-0.5147284098664078, -0.32618637866503425, 22.44365243255201, 20, 0.1744365243255201, -0.000533583022228612
-0.5144866431432423, -0.3289954414619528, 20, 22.161707919188014, 0.17161707919188013, 0.0026899484422129305
-0.5142529099311991, -0.3317895501138612, 20, 21.881321302671807, 0.16881321302671806, 0.004747330090857815
-0.5140303400057994, -0.3345376907750638, 20, 21.605609357902754, 0.16605609357902754, 0.004345455942333487
-0.5138161996699715, -0.3372083743086028, 20, 21.337686729940838, 0.1633768672994084, 0.0020098568194466537
-0.5136011480053075, -0.33984251700113455, 21.073397459029675, 20, 0.16073397459029673, -0.0002554084009265267
-0.5133785834533938, -0.342491667953531, 20.80754919627966, 20, 0.15807549196279658, -0.0013528592388949434
-0.513153707188829, -0.3451145689779274, 20.54429694637318, 20, 0.1554429694637318, -0.0009026530634992369
-0.512934632089464, -0.34765979651955325, 20, 20.288833279146488, 0.15288833279146488, 0.00037640104408431796
-0.5127248420032374, -0.35012243699398277, 20, 20.04167726572739, 0.1504167726572739, 0.0014844340986703841
-0.5125219420698646, -0.3525387623460552, 20, 20, 0.14799194452278217, 0.0025195092925045515
-0.5123233404978564, -0.3549346048060267, 20, 20, 0.14558788961932845, 0.0030162773411914756
-0.5121265199505133, -0.3573305944850599, 20, 20, 0.14318383901857298, 0.002970316485448876
-0.511931840282066, -0.35970592067383445, 20, 20, 0.14080055932592442, 0.003114107996449178
-0.5117371606136186, -0.362081246862609, 20, 20, 0.1384172800131634, 0.0032596581927251123
-0.5115410051022437, -0.364477291140866, 20, 20, 0.13601323250069314, 0.0037800550682138834
-0.5113442544640592, -0.36688891571624765, 20, 20, 0.13359361088218832, 0.004957004062184467
-0.5111464814111317, -0.369336923036331, 20, 20, 0.13113765183753445, 0.0060594138554197485
-0.5109500722324603, -0.37180066701762954, 20, 20, 0.12866613019369472, 0.006351454484848418
-0.5107547388990458, -0.37426970545302585, 20, 20, 0.1261894265604513, 0.005825255000116769
-0.5105600716065287, -0.37672317066173416, 20, 20, 0.12372829815378103, 0.005020432544237785
-0.5103647059812497, -0.37916095354039153, 20, 20, 0.12128273693871346, 0.004667391578635716
-0.5101663899926785, -0.38161412658080507, 20, 20, 0.11882159109652117, 0.004768848905816192
-0.5099675077541247, -0.3840672538457858, 20, 20, 0.1163604436296373, 0.004869715934634478
-0.5097703038466979, -0.3864996796148596, 20, 20, 0.11392006655890927, 0.005159476278829622
-0.5095729078136703, -0.38893729917730396, 20, 20, 0.11147449967611747, 0.005548808340137157
-0.5093723185811397, -0.3914215442387177, 20, 20, 0.1089822068554822, 0.0058580045811638115
-0.5091706331118847, -0.393926537744934, 20, 20, 0.10646915002219987, 0.006364961108313416
-0.5089721331503905, -0.39640053265878755, 20, 20, 0.1039872530969603, 0.007068738284680798
-0.5087752011889539, -0.3988694440154976, 20, 20, 0.10151055861161039, 0.00769806584495214
-0.5085778842866183, -0.40135915975723063, 20, 20, 0.09901310752942846, 0.008164568346302303
-0.5083794509412366, -0.4038748300638387, 20, 20, 0.09648970667036191, 0.008559926919604166
-0.5081824091871218, -0.4063801931197324, 20, 20, 0.09397669956113641, 0.009157203695009386
-0.5079880965054212, -0.4088597287398372, 20, 20, 0.09148966461385666, 0.010050151768753679
-0.5077954470336372, -0.4113341860162102, 20, 20, 0.08900783990111355, 0.011063069566663586
-0.5076045255605809, -0.41380877717923253, 20, 20, 0.08652604059091526, 0.011926130628520326
-0.5074144142705964, -0.41629384597149943, 20, 20, 0.08403388460150515, 0.012457026878530897
-0.507227980310476, -0.41874274331787287, 20, 20, 0.08157809425865331, 0.012736494308849267
-0.507044026431967, -0.421160585200146, 20, 20, 0.0791534688712863, 0.012849915546516044
-0.5068592295655518, -0.42358357024420246, 20, 20, 0.07672365845588752, 0.012890414130386496
-0.5066732488926482, -0.42601167228824816, 20, 20, 0.07428865921770843, 0.013226300520408074
-0.5064890944959113, -0.42840866881018475, 20, 20, 0.07188481793053858, 0.01376291214055314
-0.5063081201415299, -0.4307642484002787, 20, 20, 0.06952252641625076, 0.014136290671389773
-0.5061271457871486, -0.4331198279903727, 20, 20, 0.0671602510681304, 0.014727899424686441
-0.505944183906295, -0.4355012931628683, 20, 20, 0.06477203490684941, 0.01564016232669374
-0.5057593957492748, -0.43791386385747305, 20, 20, 0.06235269794086824, 0.01661078238172653
-0.5055762858747089, -0.44031614780829237, 20, 20, 0.05994378346916453, 0.017085412364666652
-0.5053941899101784, -0.44270809423036495, 20, 20, 0.05754528435505218, 0.017059693661887643
-0.5052085990716261, -0.4451310184446627, 20, 20, 0.055115647879789, 0.017086255661657113
-0.5050180079612181, -0.44759521948108466, 20, 20, 0.052644481430958526, 0.017720206791559612
-0.5048250742514685, -0.4500748628128607, 20, 20, 0.050157757771723266, 0.01888160887005874
-0.5046326575653705, -0.45254933830881133, 0, 20, 0.047676270943202176, 0.020042697207277804
-0.5044444222591363, -0.4549772666375408, 0, 20, 0.045241567265564574, 0.02046733192434047
-0.5042099359093581, -0.45799010567233905, 20, 75, 1.005088268064302, 1.4395606207855085
-0.5042090084804453, -0.4580004488854593, 20, 75, 1.0050869091810426, 1.4393854228561151
-0.5041183990703656, -0.4590088955511114, 20, 75, 1.0049547402722045, 1.4278669703832314
-0.5038095584179634, -0.4621454328078686, 20, 75, 1.0045230698339238, 1.3986147554693718
-0.5032339407722263, -0.46691834611318517, 20, 75, 1.0037792265938053, 1.3588388330726513
-0.5023523955655516, -0.472454963357975, 20, 75, 1.0027307983400182, 1.3137029695303504
-0.5011134910824467, -0.47841096781052184, 20, 75, 1.0013462479772732, 1.2673203416397474
-0.49949542426353094, -0.48458693721780505, 20, 75, 0.999614258415747, 1.2219097350168866
-0.4975085518061273, -0.49083436855577595, 20, 75, 0.9975506602304108, 1.1776083549898564
-0.49516931480939363, -0.49706967959213944, 20, 75, 0.9951736290295733, 1.1331339072886966
-0.49245630376495547, -0.5033161276388621, 20, 75, 0.9924618438939176, 1.0869398956186993
-0.4893299402461527, -0.5096046968181195, 20, 75, 0.9893765617137006, 1.0381377873934854
-0.48581606021195306, -0.5158164722164356, 20, 75, 0.9859429321036741, 0.9868929682161456
-0.4819610732506818, -0.5218160611317315, 20, 75, 0.982203385202339, 0.9329805198761871
-0.4777437389570517, -0.5275985446165599, 20, 75, 0.9781331702455793, 0.8760293205466381
-0.47314300262655784, -0.5331548109839391, 20, 75, 0.9737076281165787, 0.8164059424795678
-0.4682148125268255, -0.5383868234321001, 20, 75, 0.9689754751331754, 0.755123984017839
-0.46300440838821083, -0.5432315357742793, 20, 75, 0.9639743026971884, 0.6922103075992005
-0.4574988239399399, -0.547696660943356, 22.356309916854222, 75, 0.9586860640019305, 0.6273948347190963
-0.4516641025808227, -0.5517945088794093, 26.319562937758704, 75, 0.9530725236260994, 0.5613406177040217
-0.445458098179166, -0.5555309665811112, 30.289893165135933, 75, 0.947087484692939, 0.49516844724773446
-0.43883702059270974, -0.5589041971713501, 34.14488709894238, 75, 0.9406830792991853, 0.43091854835096033
-0.43178294513541365, -0.5619019961255254, 37.812974812634096, 75, 0.9338368776020519, 0.369783753122765
-0.42426990425224964, -0.5645187528455301, 41.25555885901592, 75, 0.9265190367041604, 0.3124073523497346
-0.41634783085235083, -0.5667344431087891, 44.52996002032055, 75, 0.9187746366791198, 0.25783399966132414
-0.4080491993623989, -0.5685324245824658, 47.676654391339675, 72.32334560866033, 0.9106316717981233, 0.2053890934776721
-0.39932902709827084, -0.5699134190381767, 50.662381040788205, 69.3376189592118, 0.9020424519628386, 0.15562698265352992
-0.39029438356673296, -0.5708547235310409, 53.50080643439931, 66.49919356560069, 0.8931094452849154, 0.10831989276001153
-0.3810523226239849, -0.5713472196596281, 55, 65, 0.8839364349059708, 0.06584793926725574
-0.37167740801605953, -0.5714119101488555, 55, 65, 0.8745977158423776, 0.029884055681024257
-0.36218237504512013, -0.5710928690722482, 65, 55, 0.8651084578660457, -0.00037057943892548906
-0.35257350514948144, -0.5704451386994812, 65, 55, 0.8554788713049913, -0.026071190087119334
-0.34289865242406037, -0.5695169556983889, 65, 55, 0.8457604539039815, -0.04402530147782002
-0.33324581411780135, -0.5683788293395228, 65, 55, 0.8360467995553128, -0.051850659972981994
-0.32369534592423105, -0.5671301531171822, 65, 55, 0.8264263308697123, -0.0539876095265841
-0.31418141813099193, -0.5658425737437526, 65, 55, 0.8168394127042319, -0.053036345322815315
-0.3046005924142983, -0.5645459943687305, 65, 55, 0.8071854177959906, -0.04867374920301426
-0.2949795589341982, -0.5632760925393978, 65, 55, 0.7974938012362646, -0.0423422737652972
-0.2853768810976566, -0.5620670625930598, 65, 55, 0.7878255934035231, -0.03697085054147564
-0.275735650465172, -0.5609163352047651, 65, 55, 0.7781237686238628, -0.03283292570888818
-0.2660678337935459, -0.5598141080124871, 65, 55, 0.7683994101315184, -0.02827107780289939
-0.2564257926816761, -0.558761858921393, 65, 55, 0.7587047751912465, -0.02365759281595814
-0.24674243259360104, -0.557754331650866, 65, 55, 0.7489725118188565, -0.01871234646704778
-0.23697652095496113, -0.5567888980780609, 65, 55, 0.7391612620963024, -0.011763561910643539
-0.22720997202687065, -0.5558849374692443, 65, 55, 0.7293541455639114, -0.0037183720527691477
-0.2174522463037795, -0.5550580707070195, 55, 65, 0.7195617533445745, 0.004519787119106056
-0.20766728783243782, -0.5543106245616886, 55, 65, 0.7097482893310832, 0.012313182782879295
-0.19783516004809373, -0.553639381427515, 55, 65, 0.6998936303748413, 0.014286311557294873
-0.1879635736596497, -0.5530131292974775, 55, 65, 0.6900030946020947, 0.007709215193212771
-0.1780884273433649, -0.5523622808117543, 65, 55, 0.6801071413746564, -0.0028849524405689664
-0.16832296437326144, -0.5516332318401513, 65, 55, 0.6703145346320057, -0.010636233127993222
-0.15876124485623372, -0.550829994319685, 65, 55, 0.6607193549814276, -0.006839326897083886
-0.14921659103972218, -0.5500092589607327, 55, 65, 0.6511398529218124, 0.007588773921073155
-0.1395044847803143, -0.5492647708568376, 55, 65, 0.6413992545222609, 0.02428413857734224
-0.1296991301050903, -0.5486664453406441, 55, 65, 0.6315769290887701, 0.033247786783127786
-0.11993340407345868, -0.5481947575682458, 55, 65, 0.6218039563585682, 0.030827315935666455
-0.11027517346518025, -0.5477568237748388, 55, 65, 0.6121409164277591, 0.025773722078959338
-0.10072262173168445, -0.547283317764244, 55, 65, 0.6025806007489645, 0.023630910998671872
-0.0912342757534739, -0.5467740935323263, 54.30816003312744, 64.30816003312745, 0.5930816003312744, 0.023288547764950707
-0.08176752469941508, -0.5462501546464618, 53.36030582508167, 63.36030582508167, 0.5836030582508167, 0.022745677803604814
-0.07229603048352139, -0.5457180224353786, 52.41192246237687, 62.41192246237687, 0.5741192246237687, 0.021923768585981662
-0.06286657893032059, -0.5451781960496562, 51.467677044042105, 61.467677044042105, 0.5646767704404211, 0.021280641546875145
-0.05358287095732533, -0.5446363719395461, 50.537951053066415, 60.537951053066415, 0.5553795105306641, 0.019883882493483718
-0.044439872569264426, -0.5440899865381671, 49.62222091385269, 59.62222091385269, 0.5462222091385269, 0.018563146043809375
-0.0353962925682611, -0.5435339841184176, 48.7163287901418, 58.7163287901418, 0.537163287901418, 0.017870478954101543
-0.026477838323428586, -0.542973625134241, 47.82287825392407, 57.82287825392407, 0.5282287825392407, 0.016790659116487916
-0.017699972857073046, -0.5424114931047734, 46.94343044539804, 56.94343044539804, 0.5194343044539804, 0.016715959320421803
-0.009093593707925347, -0.5418526992585693, 46.08110566439205, 56.08110566439205, 0.5108110566439205, 0.017094064314500557
-0.0007100938518463749, -0.5413071819305455, 45.241106811471425, 55.241106811471425, 0.5024110681147143, 0.016637342792350296
0.007507428164542291, -0.5407698078377011, 44.4177205609715, 54.4177205609715, 0.494177205609715, 0.01599358280789076
0.015620879419141372, -0.5402324531369274, 43.60470993022189, 53.60470993022189, 0.4860470993022189, 0.014229093395137227
0.0235936515311296, -0.5396925858924749, 42.80570156751957, 52.80570156751957, 0.4780570156751957, 0.012166131401314395
0.031368402396159296, -0.5391491676321614, 42.026400202335196, 52.026400202335196, 0.47026400202335195, 0.010069242242905396
0.03898132173409914, -0.5385992370096081, 41.26317356253915, 51.26317356253915, 0.4626317356253915, 0.007658415068612534
0.04649448704440929, -0.5380379787307276, 40.50979434221086, 50.50979434221086, 0.4550979434221086, 0.004561628421406283
0.053907618445457585, -0.5374624103586884, 39.766264649944404, 49.766264649944404, 0.44766264649944404, 0.0003993469386713855
0.061183984286986855, -0.5368700973180777, 49.03622369396449, 39.03622369396449, 0.4403622369396449, -0.004008815270212018
0.06831283804788389, -0.5362584282445069, 48.32072014787319, 38.32072014787319, 0.4332072014787319, -0.0073759481631698876
0.07533582961620097, -0.5356282549377772, 47.615611007900796, 37.615611007900796, 0.42615611007900794, -0.003390465203374049
0.08228663385620864, -0.5350070289615776, 36.91777049556594, 46.91777049556594, 0.41917770495565937, 0.009499916024484634
0.08915951698328803, -0.5344514558879743, 36.228243389478315, 46.228243389478315, 0.41228243389478314, 0.024199125010143874
0.09574399606700046, -0.5340093338015673, 35.56840537924849, 45.56840537924849, 0.4056840537924849, 0.029383580809808407
0.10205280187368412, -0.5336492010205601, 34.93673011475869, 44.93673011475869, 0.3993673011475869, 0.02229892217941032
0.1083248293938783, -0.533283074202297, 34.30867617939965, 44.30867617939965, 0.3930867617939965, 0.011588724653030624
0.11449473600234615, -0.5328658323394712, 33.69036979731093, 43.69036979731093, 0.3869036979731093, 0.0023142003172624825
0.12047365131397499, -0.5323991488511407, 43.09067526222456, 33.09067526222456, 0.3809067526222456, -0.0037854894814710605
0.12629353474076394, -0.5318985810165401, 42.506538316328445, 32.506538316328445, 0.37506538316328447, -0.006298881476893392
0.13205946786031023, -0.5313770573480155, 41.92759874660939, 31.92759874660939, 0.3692759874660939, -0.0020202289113973038
0.13751033757173625, -0.5308884070404468, 31.38033109481728, 41.38033109481728, 0.3638033109481728, 0.013491613931086555
0.14214763010559214, -0.5305161488570331, 30.915115756476226, 40.915115756476226, 0.35915115756476224, 0.03599351768362524
0.14620552641187173, -0.5302699527972078, 30.5087030999227, 40.5087030999227, 0.35508703099922695, 0.05305611509716801
0.15011198036682832, -0.5301105374936778, 30.118125056867846, 40.11812505686785, 0.35118125056867844, 0.058466281884478555
0.15393702819057228, -0.5299962865112073, 29.736055858723397, 39.7360558587234, 0.34736055858723397, 0.058804575062396225
0.15764296592252525, -0.5298942888643181, 29.365972602129055, 39.365972602129055, 0.3436597260212906, 0.06055276178699742
0.1613178031400349, -0.5297946990680248, 28.99902271572615, 38.99902271572615, 0.3399902271572615, 0.061015735210203204
0.16506535303851552, -0.5296948459598588, 28.62484224673686, 38.62484224673686, 0.3362484224673686, 0.05817322875691566
0.16886460640675752, -0.5295865115240511, 28.24545240394759, 38.24545240394759, 0.3324545240394759, 0.05570536090827005
0.17273094442822506, -0.5294633453750117, 27.859264059855136, 37.859264059855136, 0.32859264059855137, 0.054988346672448785
0.1766021885772816, -0.5293312983069953, 27.47252215233336, 37.47252215233336, 0.3247252215233336, 0.054725089432529295
0.18036430645838522, -0.5291986229969138, 27.096656550292742, 37.09665655029274, 0.3209665655029274, 0.05379590341797247
0.1840069099132189, -0.5290655948466337, 26.732702656152885, 36.73270265615288, 0.31732702656152884, 0.05238283049306425
0.18761813323016105, -0.5289271311934121, 26.371836032608975, 36.371836032608975, 0.31371836032608974, 0.05114326489159726
0.1912602089303305, -0.5287803734278027, 26.007832636994635, 36.007832636994635, 0.31007832636994637, 0.048973406410871334
0.19492787142423634, -0.5286240805111485, 25.641204548590444, 35.641204548590444, 0.30641204548590445, 0.045404092142997676
0.1986105237231422, -0.5284543045223266, 25.272968776829263, 35.27296877682926, 0.3027296877682926, 0.041160655912094946
0.20223015412840317, -0.528271315350073, 24.910892394246247, 34.91089239424625, 0.29910892394246247, 0.03631122576175283
0.20571919314885495, -0.5280770697177044, 24.56171766404885, 34.56171766404885, 0.2956171766404885, 0.030745802008478762
0.20917077340544168, -0.5278649450629429, 24.216107578688472, 34.21610757868847, 0.2921610757868847, 0.021687591834528064
0.21270862566623064, -0.5276197549972571, 23.861598124964345, 33.861598124964345, 0.28861598124964344, 0.006712134847848716
0.21629489350281217, -0.5273270086454032, 33.50181623231871, 23.50181623231871, 0.2850181623231871, -0.013226520085651394
0.21975659892171828, -0.5269835545235653, 33.153947514096295, 23.153947514096295, 0.28153947514096295, -0.03718385162680082
0.2231220651721153, -0.5265734184735918, 32.81502064783109, 22.81502064783109, 0.2781502064783109, -0.05891039217670535
0.22649798954644396, -0.5260842431417292, 32.474303896989625, 22.47430389698962, 0.2747430389698962, -0.06868816434433
0.22979448527542232, -0.5255553841714776, 32.141130751633355, 22.14113075163335, 0.2714113075163335, -0.06122265527285009
0.23291632696894796, -0.5250523051949794, 31.825604633510185, 21.825604633510185, 0.26825604633510186, -0.040946351396043745
0.23588061029700588, -0.5246187405967778, 31.526427276520575, 21.526427276520575, 0.26526427276520576, -0.022707773799574227
0.2387448368956985, -0.5242582642708409, 31.237896949658364, 21.237896949658364, 0.2623789694965836, -0.008227291521436975
0.24149086389543725, -0.5239592697961836, 20.961706426715025, 30.961706426715025, 0.25961706426715025, 0.005882858853951234
0.24421003343161107, -0.5237041759946469, 20.688595710284112, 30.688595710284112, 0.2568859571028411, 0.017924622099201315
0.24696853650775688, -0.5234815170602451, 20.411867928288345, 30.411867928288345, 0.25411867928288345, 0.02612051584349384
0.24969291231107255, -0.5232891865325654, 20.138819454513182, 30.138819454513182, 0.25138819454513184, 0.024320271210622302
0.2523971595079906, -0.5231065482597461, 20, 29.86786665401587, 0.2486786665401587, 0.017364222385419126
0.2550590947476188, -0.5229145171569456, 20, 29.60104106788815, 0.24601041067888152, 0.008320360306824703
0.2576779269935304, -0.5227037102852593, 29.3383330421107, 20, 0.24338333042110702, -0.0037789018023062226
0.26024780896400396, -0.522469286018306, 29.080278636413905, 20, 0.24080278636413904, -0.013673736652987323
0.26273229798375125, -0.5222147676012138, 28.830538877593042, 20, 0.23830538877593044, -0.018493046426490523
0.26517873118366336, -0.5219458470572087, 28.5844543060832, 20, 0.235844543060832, -0.014210761199540123
0.267537366288376, -0.5216860479658376, 28.347196994183538, 20, 0.23347196994183536, -0.005384743495160826
0.2698408978630203, -0.5214483133987052, 20, 28.115631603776208, 0.23115631603776207, 0.0050870178126256604
0.2721776415229624, -0.5212300875859533, 20, 27.880940461647782, 0.22880940461647784, 0.01788043140570128
0.27449604897120994, -0.5210407340274408, 20, 27.648343078028567, 0.22648343078028568, 0.025229984887802814
0.2768007421894273, -0.5208758662528324, 20, 27.41733937803428, 0.22417339378034282, 0.0268436374496277
0.2791372232696654, -0.5207188457847517, 20, 27.183245189936923, 0.22183245189936923, 0.024801703058053626
0.2815047116780567, -0.5205586145715005, 20, 26.946035553600257, 0.21946035553600257, 0.020724474067280063
0.28388718472807845, -0.5203893617690108, 20, 26.707251092227985, 0.21707251092227983, 0.01689664991815576
0.286258572721743, -0.5202109035897174, 20, 26.469484939993155, 0.21469484939993155, 0.012841438790318627
0.28859296212146385, -0.5200254228379977, 20, 26.235336876164084, 0.21235336876164085, 0.008834288617020292
0.2908903296164612, -0.519833137730546, 20, 26.004810782330566, 0.21004810782330566, 0.00468920302531739
0.2931610005633184, -0.5196334051283874, 25.7768723067027, 20, 0.207768723067027, -0.0003355361957542158
0.2954358758893152, -0.519422526188343, 25.548410010681735, 20, 0.20548410010681734, -0.005874283087643484
0.2976786017876998, -0.5192027040413086, 25.323063749611734, 20, 0.20323063749611733, -0.008689625243427201
0.2998274158566814, -0.5189829923190951, 25.107067772303548, 20, 0.20107067772303547, -0.0061714962371279825
0.3018832206230067, -0.5187724743378527, 24.90041810200921, 20, 0.19900418102009207, -0.000315214776557049
0.3038727169504657, -0.5185772922517731, 20, 24.700514446023977, 0.19700514446023976, 0.00641969343824389
0.3058065304332905, -0.5183999352784252, 20, 24.506322370094978, 0.19506322370094978, 0.01293981451928694
0.30771044493900507, -0.5182381452332008, 20, 24.31525379773787, 0.19315253797737872, 0.016744542187264067
0.3096099898688944, -0.5180864696379492, 20, 24.12471603493421, 0.19124716034934208, 0.016614690089520323
0.3115046195921336, -0.5179384663396883, 20, 23.93470279928534, 0.18934702799285338, 0.014001214746892643
0.31338866809384086, -0.5177884037810582, 20, 23.7457239137006, 0.18745723913700602, 0.009705884308947255
0.31522559451463467, -0.5176354748634302, 20, 23.561409131886748, 0.1856140913188675, 0.0037979623262405227
0.3170047962742668, -0.5174779463107704, 23.38279717395173, 20, 0.1838279717395173, -0.0028113994189293834
0.318757110207867, -0.5173115305425611, 23.206777361721457, 20, 0.18206777361721457, -0.009574818710108346
0.32048244273433496, -0.5171360202995018, 23.033357024785005, 20, 0.18033357024785004, -0.013899110034251372
0.3222016129636063, -0.5169514449530377, 22.860464136953194, 20, 0.17860464136953194, -0.013735041959858307
0.3239565507093811, -0.5167595269780272, 22.68394124132568, 20, 0.1768394124132568, -0.01127735028384258
0.32572208400801467, -0.5165690011188288, 22.50637706682489, 20, 0.1750637706682489, -0.008994248605655564
0.3274674340075862, -0.5163850732380915, 22.330884845542148, 20, 0.17330884845542147, -0.00742863450481579
0.32919249716808713, -0.516206844135885, 22.15746625248577, 20, 0.17157466252485767, -0.005472352627665877
0.33089205763624463, -0.5160344272394392, 21.98664152426844, 20, 0.1698664152426844, -0.002848838271644283
0.33259719174272234, -0.5158655610829843, 21.81529548979166, 20, 0.1681529548979166, -0.0002952243436773472
0.3342975919233127, -0.5157016381858451, 20, 21.64446739434224, 0.16644467394342238, 0.0012644709106046648
0.33595180804151215, -0.5155456664577691, 20, 21.478312119408677, 0.16478312119408678, 0.0012691746970743267
0.3375544504658343, -0.5153958476229267, 20, 21.317349260062265, 0.16317349260062264, 0.00016904710813925306
0.33910531469016625, -0.5152500103754752, 21.16157869064855, 20, 0.1616157869064855, -0.0013074199004918796
0.3406146372152155, -0.515106106924627, 21.009962003844862, 20, 0.16009962003844863, -0.003167092839020391
0.3421030434374485, -0.514961675342554, 20.860422636478596, 20, 0.15860422636478594, -0.005042623887976383
0.34358084593610616, -0.5148155156364128, 20.711922626348738, 20, 0.1571192262634874, -0.005823224308420194
0.3450274589687469, -0.5146705424972158, 20.566538886613824, 20, 0.15566538886613823, -0.005688656266000791
0.34643270012202154, -0.5145293111869106, 20.425309227169173, 20, 0.15425309227169173, -0.00518527826009052
0.347786327633863, -0.5143937674594471, 20.289271597058615, 20, 0.15289271597058615, -0.004492181934355521
0.3490987084300471, -0.5142632187685847, 20.157387376167584, 20, 0.15157387376167586, -0.0032364325085572077
0.35041122254517365, -0.5141340192367335, 20.025502600649975, 20, 0.15025502600649976, -0.0012306386267759706
0.3517446232911153, -0.5140050140611515, 20, 20, 0.1489154026350074, 0.0007890402369117311
0.35309379159099746, -0.5138772552696517, 20, 20, 0.1475601988441611, 0.00291952982675614
0.35442771018638736, -0.5137537202855915, 20, 20, 0.14622057441848846, 0.005717975679908172
0.355746416215123, -0.5136348906155158, 20, 20, 0.14489653783606293, 0.009002788159264696
0.3570758195287555, -0.513519135651135, 20, 20, 0.14356214122160013, 0.012131226510497584
0.35840557997919026, -0.5134075558723505, 20, 20, 0.1422277832756304, 0.01510497356029461
0.3597408431009206, -0.5132995260587422, 20, 20, 0.1408882837124072, 0.01820209449353527
0.3610867680678975, -0.5131945744098481, 20, 20, 0.13953846351339516, 0.021145454698630495
0.3624226326910512, -0.5130942549762556, 20, 20, 0.1381991009704644, 0.023747564467045734
0.3637587555294988, -0.5129974308849071, 20, 20, 0.13685981844383255, 0.02674990574970515
0.36510030326283843, -0.5129036943699775, 20, 20, 0.13551543642025415, 0.03080302759659581
0.36640069998112995, -0.5128170712160862, 20, 20, 0.1342127053601494, 0.03451379347355843
0.3676392182547663, -0.5127390886753694, 20, 20, 0.13297240662817347, 0.03695207116521182
0.3688624041457179, -0.5126655420115442, 20, 20, 0.13174780833428393, 0.038769389416547284
0.37011163912457923, -0.5125926959415767, 20, 20, 0.13049736503845794, 0.04015396890002432
0.3714024359450451, -0.5125190487019801, 20, 20, 0.12920549547627913, 0.04119970985658572
0.3727295824772492, -0.512444428285644, 20, 20, 0.12787737474538588, 0.04236626678079336
0.3740671491052363, -0.5123701516394604, 20, 20, 0.12653894098682045, 0.043552492786035124
0.3754151398295492, -0.5122963029227436, 20, 20, 0.1251902010912142, 0.04475980078830233
0.37677873922198857, -0.5122226115880509, 20, 20, 0.12382597200004147, 0.04682544009378464
0.3781372371355623, -0.5121507648390805, 20, 20, 0.12246703253989955, 0.04937644106770733
0.379501049268605, -0.5120811336786364, 20, 20, 0.1211030590791506, 0.05131244910194965
0.3809168401025102, -0.5120112921445005, 20, 20, 0.11968738492486024, 0.05256092921739608
0.3823793773594648, -0.5119406170613922, 20, 20, 0.11822516316822738, 0.05302218137542791
0.38383155824114257, -0.5118707784137436, 20, 20, 0.11677337984673242, 0.05294141654901274
